접수일자,언어구분명,상담대분류명,상담중분류명,상담소분류명,상담키워드1순위명,상담키워드2순위명,상담키워드3순위명,상담키워드4순위명,상담키워드5순위명,상담유형명,여행목적명,경로명,고객성향명,채널구분명,통화구분명,상태명,수정일자,접수월,접수요일
2021-01-27,한국어,음식,음식,카페,무료,커피,,,,일반,휴양 및 관광,홈페이지,일반,전화,인바운드,완료,20210127,1,Wednesday
2021-01-27,한국어,음식,음식,카페,,,,,,일반,휴양 및 관광,홈페이지,일반,전화,아웃바운드,완료,20210127,1,Wednesday
2021-01-26,한국어,음식,음식,카페,김녕,금일 운영,,,,일반,휴양 및 관광,홈페이지,일반,전화,아웃바운드,완료,20210126,1,Tuesday
2021-01-15,한국어,음식,음식,카페,인원,요금,올티스,시음,,일반,휴양 및 관광,홈페이지,일반,전화,아웃바운드,완료,20210115,1,Friday
2021-01-19,한국어,음식,음식,일식,천제연,유선,문자,식당,인터넷,일반,휴양 및 관광,홈페이지,일반,전화,인바운드,완료,20210119,1,Tuesday
2021-01-20,한국어,음식,음식,카페,체험,커피,수목원,제주,이용시간,일반,휴양 및 관광,홈페이지,일반,전화,아웃바운드,완료,20210120,1,Wednesday
2021-01-05,한국어,음식,음식,향토음식,사전예약,식당,골목,골목식당,,일반,휴양 및 관광,홈페이지,일반,전화,아웃바운드,완료,20210105,1,Tuesday
2021-01-27,한국어,음식,음식,일식,용두암,유선,문자,인터넷,제주,일반,휴양 및 관광,홈페이지,일반,전화,인바운드,완료,20210127,1,Wednesday
2021-01-19,한국어,음식,음식,향토음식,연락처,문자,대정,안덕,서귀포,일반,휴양 및 관광,홈페이지,일반,전화,인바운드,완료,20210119,1,Tuesday
2021-01-26,한국어,음식,음식,카페,게스트하우스,김녕,카페,이용,,일반,휴양 및 관광,홈페이지,일반,전화,아웃바운드,완료,20210126,1,Tuesday
2021-02-23,한국어,음식,음식,양식,시내,제주,수제맥주,맥주,,일반,휴양 및 관광,홈페이지,일반,전화,인바운드,완료,20210223,2,Tuesday
2021-02-02,한국어,음식,음식,향토음식,해녀,용머리해안,,,,일반,휴양 및 관광,홈페이지,일반,전화,아웃바운드,완료,20210202,2,Tuesday
2021-02-02,한국어,음식,음식,향토음식,정방폭포,해녀,폭포,매표소,이용,일반,휴양 및 관광,홈페이지,일반,전화,아웃바운드,완료,20210202,2,Tuesday
2021-02-26,한국어,음식,음식,기타,산방산,문자,도립공원,식당,관광지,일반,휴양 및 관광,홈페이지,일반,전화,인바운드,완료,20210226,2,Friday
2021-02-02,한국어,음식,음식,향토음식,해녀,용두암,,,,일반,휴양 및 관광,홈페이지,일반,전화,아웃바운드,완료,20210202,2,Tuesday
2021-02-02,한국어,음식,음식,향토음식,안내소,운영시간,용두암,판매,관광안내소,일반,휴양 및 관광,홈페이지,일반,전화,인바운드,완료,20210202,2,Tuesday
2021-02-01,한국어,음식,음식,카페,성산,문자,식당,안덕,서귀포,일반,휴양 및 관광,홈페이지,일반,전화,인바운드,완료,20210201,2,Monday
2021-02-02,한국어,음식,음식,향토음식,해녀,주상절리,,,,일반,휴양 및 관광,홈페이지,일반,전화,아웃바운드,완료,20210202,2,Tuesday
2021-02-21,한국어,음식,음식,향토음식,유선,문자,식당,제주,주소,일반,휴양 및 관광,홈페이지,일반,전화,인바운드,완료,20210221,2,Sunday
2021-02-10,한국어,음식,음식,향토음식,,,,,,일반,휴양 및 관광,홈페이지,일반,전화,인바운드,완료,20210210,2,Wednesday
2021-03-03,한국어,음식,음식,카페,카페,이용,,,,일반,휴양 및 관광,홈페이지,일반,전화,아웃바운드,완료,20210303,3,Wednesday
2021-03-03,한국어,음식,음식,향토음식,,,,,,일반,휴양 및 관광,홈페이지,일반,전화,아웃바운드,완료,20210303,3,Wednesday
2021-03-03,한국어,음식,음식,향토음식,,,,,,일반,휴양 및 관광,홈페이지,일반,전화,아웃바운드,완료,20210303,3,Wednesday
2021-03-03,한국어,음식,음식,기타,해녀,문자,인터넷,수목원,시내,일반,휴양 및 관광,홈페이지,일반,전화,인바운드,완료,20210303,3,Wednesday
2021-03-21,한국어,음식,음식,한식,천제연,문자,식당,서귀포,올레,일반,휴양 및 관광,홈페이지,일반,전화,인바운드,완료,20210321,3,Sunday
2021-03-21,한국어,음식,음식,한식,천제연,문자,식당,서귀포,올레,일반,휴양 및 관광,홈페이지,일반,전화,아웃바운드,완료,20210321,3,Sunday
2021-03-22,한국어,음식,음식,향토음식,사전예약,오름,오름가든,가든,,일반,휴양 및 관광,홈페이지,일반,전화,아웃바운드,완료,20210322,3,Monday
2021-03-18,한국어,음식,음식,한식,공지,음식점,제주,이용,,일반,휴양 및 관광,홈페이지,일반,전화,아웃바운드,완료,20210318,3,Thursday
2021-03-12,한국어,음식,음식,카페,운영시간,,,,,일반,휴양 및 관광,홈페이지,일반,전화,아웃바운드,완료,20210312,3,Friday
2021-03-18,한국어,음식,음식,한식,식당,맑은,이용시간,이용,,일반,휴양 및 관광,홈페이지,일반,전화,아웃바운드,완료,20210318,3,Thursday
2021-03-20,한국어,음식,음식,일식,운영시간,,,,,일반,휴양 및 관광,홈페이지,일반,전화,아웃바운드,완료,20210322,3,Saturday
2021-03-20,한국어,음식,음식,일식,제주,,,,,일반,휴양 및 관광,홈페이지,일반,전화,아웃바운드,완료,20210320,3,Saturday
2021-03-22,한국어,음식,음식,한식,연락처,민박,음식점,이용,,일반,휴양 및 관광,홈페이지,일반,전화,아웃바운드,완료,20210322,3,Monday
2021-03-26,한국어,음식,음식,카페,오름,천제연폭포,환상숲곶자왈,산방산,천제연,일반,휴양 및 관광,홈페이지,일반,전화,인바운드,완료,20210326,3,Friday
2021-03-26,한국어,음식,음식,카페,오름,천제연폭포,환상숲곶자왈,산방산,천제연,일반,휴양 및 관광,홈페이지,일반,전화,아웃바운드,완료,20210326,3,Friday
2021-03-17,한국어,음식,음식,향토음식,한라수목원,환상숲곶자왈,성산,일출봉,유선,일반,휴양 및 관광,홈페이지,일반,전화,인바운드,완료,20210317,3,Wednesday
2021-03-12,한국어,음식,음식,카페,운영시간,주차장,카페,이용,주차,일반,휴양 및 관광,홈페이지,일반,전화,아웃바운드,완료,20210312,3,Friday
2021-03-10,한국어,음식,음식,향토음식,탐방,문화,이용,문의처,,일반,휴양 및 관광,홈페이지,일반,전화,아웃바운드,완료,20210310,3,Wednesday
2021-03-12,한국어,음식,음식,카페,카페,,,,,일반,휴양 및 관광,홈페이지,일반,전화,인바운드,완료,20210312,3,Friday
2021-03-16,한국어,음식,음식,한식,외국어,음식점,이용시간,이용,,일반,휴양 및 관광,홈페이지,일반,전화,아웃바운드,완료,20210316,3,Tuesday
2021-03-16,한국어,음식,음식,한식,외국어,식당,골목,이용,골목식당,일반,휴양 및 관광,홈페이지,일반,전화,아웃바운드,완료,20210316,3,Tuesday
2021-03-16,한국어,음식,음식,한식,외국어,이용,메밀꽃차롱,,,일반,휴양 및 관광,홈페이지,일반,전화,아웃바운드,완료,20210316,3,Tuesday
2021-03-16,한국어,음식,음식,한식,외국어,이용,고을면,,,일반,휴양 및 관광,홈페이지,일반,전화,아웃바운드,완료,20210316,3,Tuesday
2021-03-19,한국어,음식,음식,한식,주차장,음식점,이용시간,이용,주차,일반,휴양 및 관광,홈페이지,일반,전화,아웃바운드,완료,20210319,3,Friday
2021-03-19,한국어,음식,음식,한식,사전예약,유선,음식점,이용,,일반,휴양 및 관광,홈페이지,일반,전화,아웃바운드,완료,20210319,3,Friday
2021-03-19,한국어,음식,음식,한식,주차장,음식점,이용,주차,,일반,휴양 및 관광,홈페이지,일반,전화,아웃바운드,완료,20210319,3,Friday
2021-03-19,한국어,음식,음식,한식,운영시간,주차장,음식점,이용,주차,일반,휴양 및 관광,홈페이지,일반,전화,아웃바운드,완료,20210319,3,Friday
2021-03-18,한국어,음식,음식,한식,카페,이용시간,이용,,,일반,휴양 및 관광,홈페이지,일반,전화,아웃바운드,완료,20210318,3,Thursday
2021-03-31,한국어,음식,음식,카페,방문,,,,,일반,휴양 및 관광,홈페이지,일반,전화,아웃바운드,완료,20210331,3,Wednesday
2021-03-22,한국어,음식,음식,향토음식,식당,,,,,일반,휴양 및 관광,홈페이지,일반,전화,아웃바운드,완료,20210322,3,Monday
2021-03-26,한국어,음식,음식,한식,천제연,문자,호텔,식당,안덕,일반,휴양 및 관광,홈페이지,일반,전화,인바운드,완료,20210326,3,Friday
2021-03-16,한국어,음식,음식,한식,외국어,이용,체인,,,일반,휴양 및 관광,홈페이지,일반,전화,아웃바운드,완료,20210316,3,Tuesday
2021-03-12,한국어,음식,음식,향토음식,해녀,식당,도두,해녀촌,,일반,휴양 및 관광,홈페이지,일반,전화,인바운드,완료,20210312,3,Friday
2021-03-16,한국어,음식,음식,한식,외국어,비자림,이용,꿩메밀,,일반,휴양 및 관광,홈페이지,일반,전화,아웃바운드,완료,20210316,3,Tuesday
2021-03-16,한국어,음식,음식,한식,외국어,마을,이용,꿩마을,,일반,휴양 및 관광,홈페이지,일반,전화,아웃바운드,완료,20210316,3,Tuesday
2021-03-22,한국어,음식,음식,향토음식,외국어,사전예약,꿩메밀,정의고을,,일반,휴양 및 관광,홈페이지,일반,전화,아웃바운드,완료,20210322,3,Monday
2021-03-22,한국어,음식,음식,향토음식,토종닭,황금토종닭,,,,일반,휴양 및 관광,홈페이지,일반,전화,아웃바운드,완료,20210322,3,Monday
2021-03-22,한국어,음식,음식,향토음식,외국어,제주민속,제주,사월의꿩,,일반,휴양 및 관광,홈페이지,일반,전화,아웃바운드,완료,20210322,3,Monday
2021-03-16,한국어,음식,음식,한식,외국어,이용시간,이용,,,일반,휴양 및 관광,홈페이지,일반,전화,아웃바운드,완료,20210316,3,Tuesday
2021-03-16,한국어,음식,음식,한식,이용시간,이용,,,,일반,휴양 및 관광,홈페이지,일반,전화,아웃바운드,완료,20210316,3,Tuesday
2021-03-16,한국어,음식,음식,한식,음식점,이용,,,,일반,휴양 및 관광,홈페이지,일반,전화,아웃바운드,완료,20210316,3,Tuesday
2021-03-24,한국어,음식,음식,한식,한림,,,,,일반,휴양 및 관광,홈페이지,일반,전화,인바운드,완료,20210324,3,Wednesday
2021-04-13,한국어,음식,음식,한식,외국어,이용,,,,일반,휴양 및 관광,홈페이지,일반,전화,아웃바운드,완료,20210413,4,Tuesday
2021-04-13,한국어,음식,음식,향토음식,이용요금,유선,요금,이용시간,이용,일반,휴양 및 관광,홈페이지,일반,전화,아웃바운드,완료,20210413,4,Tuesday
2021-04-13,한국어,음식,음식,한식,외국어,유선,식당,이용시간,이용,일반,휴양 및 관광,홈페이지,일반,전화,아웃바운드,완료,20210413,4,Tuesday
2021-04-08,한국어,음식,음식,카페,연락처,천제연폭포,산방산,천제연,폭포,일반,휴양 및 관광,홈페이지,일반,전화,인바운드,완료,20210408,4,Thursday
2021-04-13,한국어,음식,음식,한식,외국어,이용,,,,일반,휴양 및 관광,홈페이지,일반,전화,아웃바운드,완료,20210413,4,Tuesday
2021-04-13,한국어,음식,음식,향토음식,함덕,이용,,,,일반,휴양 및 관광,홈페이지,일반,전화,아웃바운드,완료,20210413,4,Tuesday
2021-04-16,한국어,음식,음식,한식,쇠소깍,문자,식당,음식점,인터넷,일반,휴양 및 관광,홈페이지,일반,전화,인바운드,완료,20210416,4,Friday
2021-04-27,한국어,음식,음식,향토음식,쇠소깍,이용,,,,일반,휴양 및 관광,홈페이지,일반,전화,아웃바운드,완료,20210427,4,Tuesday
2021-04-05,한국어,음식,음식,향토음식,외국어,이용,,,,일반,휴양 및 관광,홈페이지,일반,전화,아웃바운드,완료,20210405,4,Monday
2021-04-05,한국어,음식,음식,향토음식,,,,,,일반,휴양 및 관광,홈페이지,일반,전화,아웃바운드,완료,20210405,4,Monday
2021-04-05,한국어,음식,음식,향토음식,외국어,운영시간,,,,일반,휴양 및 관광,홈페이지,일반,전화,아웃바운드,완료,20210405,4,Monday
2021-04-06,한국어,음식,음식,향토음식,숲길,비자림,유선,문자,식당,일반,휴양 및 관광,홈페이지,일반,전화,인바운드,완료,20210406,4,Tuesday
2021-04-06,한국어,음식,음식,향토음식,이용시간,이용,,,,일반,휴양 및 관광,홈페이지,일반,전화,아웃바운드,완료,20210407,4,Tuesday
2021-04-07,한국어,음식,음식,향토음식,휴무일,한라,이용시간,이용,오메기떡,일반,휴양 및 관광,홈페이지,일반,전화,아웃바운드,완료,20210407,4,Wednesday
2021-04-07,한국어,음식,음식,향토음식,이용,,,,,일반,휴양 및 관광,홈페이지,일반,전화,아웃바운드,완료,20210407,4,Wednesday
2021-04-07,한국어,음식,음식,향토음식,이용,,,,,일반,휴양 및 관광,홈페이지,일반,전화,아웃바운드,완료,20210407,4,Wednesday
2021-04-07,한국어,음식,음식,향토음식,솔동산,천제연폭포,고근산,천제연,폭포,일반,휴양 및 관광,홈페이지,일반,전화,인바운드,완료,20210407,4,Wednesday
2021-04-05,한국어,음식,음식,향토음식,신라,중문,이용시간,이용,,일반,휴양 및 관광,홈페이지,일반,전화,아웃바운드,완료,20210405,4,Monday
2021-04-25,한국어,음식,음식,한식,성산,일출봉,문자,식당,코지,일반,휴양 및 관광,홈페이지,일반,전화,인바운드,완료,20210425,4,Sunday
2021-04-27,한국어,음식,음식,향토음식,방귤당,,,,,일반,휴양 및 관광,홈페이지,일반,전화,아웃바운드,완료,20210427,4,Tuesday
2021-04-05,한국어,음식,음식,향토음식,외국어,이용,,,,일반,휴양 및 관광,홈페이지,일반,전화,아웃바운드,완료,20210405,4,Monday
2021-04-27,한국어,음식,음식,향토음식,사전예약,동반,체험,쇠소깍,유선,일반,휴양 및 관광,홈페이지,일반,전화,아웃바운드,완료,20210427,4,Tuesday
2021-04-05,한국어,음식,음식,향토음식,외국어,,,,,일반,휴양 및 관광,홈페이지,일반,전화,아웃바운드,완료,20210405,4,Monday
2021-04-05,한국어,음식,음식,향토음식,외국어,식당,이용,,,일반,휴양 및 관광,홈페이지,일반,전화,아웃바운드,완료,20210405,4,Monday
2021-04-13,한국어,음식,음식,한식,영실,비자림,문자,음식점,제주,일반,휴양 및 관광,홈페이지,일반,전화,인바운드,완료,20210413,4,Tuesday
2021-04-13,한국어,음식,음식,향토음식,이용요금,요금,이용시간,이용,,일반,휴양 및 관광,홈페이지,일반,전화,아웃바운드,완료,20210413,4,Tuesday
2021-04-13,한국어,음식,음식,향토음식,택배,이용시간,이용,,,일반,휴양 및 관광,홈페이지,일반,전화,아웃바운드,완료,20210413,4,Tuesday
2021-04-15,한국어,음식,음식,한식,운영시간,휴무일,만장굴,숲길,솔동산,일반,휴양 및 관광,홈페이지,일반,전화,인바운드,완료,20210415,4,Thursday
2021-04-06,한국어,음식,음식,한식,인원,중문,이용,흑돼지,,일반,휴양 및 관광,홈페이지,일반,전화,아웃바운드,완료,20210406,4,Tuesday
2021-04-06,한국어,음식,음식,한식,외국어,한라,이용시간,이용,,일반,휴양 및 관광,홈페이지,일반,전화,아웃바운드,완료,20210406,4,Tuesday
2021-04-06,한국어,음식,음식,향토음식,이용,,,,,일반,휴양 및 관광,홈페이지,일반,전화,아웃바운드,완료,20210406,4,Tuesday
2021-04-06,한국어,음식,음식,향토음식,이용,,,,,일반,휴양 및 관광,홈페이지,일반,전화,아웃바운드,완료,20210406,4,Tuesday
2021-04-06,한국어,음식,음식,향토음식,음식점,제주,이용,말고기,,일반,휴양 및 관광,홈페이지,일반,전화,아웃바운드,완료,20210406,4,Tuesday
2021-04-06,한국어,음식,음식,향토음식,외국어,사전예약,음식점,이용,말고기,일반,휴양 및 관광,홈페이지,일반,전화,아웃바운드,완료,20210406,4,Tuesday
2021-04-06,한국어,음식,음식,향토음식,외국어,운영시간,음식점,이용,말고기,일반,휴양 및 관광,홈페이지,일반,전화,아웃바운드,완료,20210406,4,Tuesday
2021-04-06,한국어,음식,음식,향토음식,신라,중문,,,,일반,휴양 및 관광,홈페이지,일반,전화,아웃바운드,완료,20210406,4,Tuesday
2021-04-06,한국어,음식,음식,향토음식,음식점,제주,이용,말고기,,일반,휴양 및 관광,홈페이지,일반,전화,아웃바운드,완료,20210406,4,Tuesday
2021-04-14,한국어,음식,음식,한식,연락처,비자림,성산,천제연,유선,일반,휴양 및 관광,홈페이지,일반,전화,인바운드,완료,20210415,4,Wednesday
2021-04-30,한국어,음식,음식,카페,골목,,,,,일반,휴양 및 관광,홈페이지,일반,전화,아웃바운드,완료,20210430,4,Friday
2021-04-06,한국어,음식,음식,향토음식,음식점,이용,말고기,,,일반,휴양 및 관광,홈페이지,일반,전화,아웃바운드,완료,20210406,4,Tuesday
2021-04-06,한국어,음식,음식,향토음식,외국어,음식점,이용,말고기,가든,일반,휴양 및 관광,홈페이지,일반,전화,아웃바운드,완료,20210406,4,Tuesday
2021-04-06,한국어,음식,음식,향토음식,함덕,,,,,일반,휴양 및 관광,홈페이지,일반,전화,아웃바운드,완료,20210406,4,Tuesday
2021-04-06,한국어,음식,음식,향토음식,외국어,운영시간,,,,일반,휴양 및 관광,홈페이지,일반,전화,아웃바운드,완료,20210406,4,Tuesday
2021-04-06,한국어,음식,음식,한식,인원,이용,흑돼지,,,일반,휴양 및 관광,홈페이지,일반,전화,아웃바운드,완료,20210406,4,Tuesday
2021-04-07,한국어,음식,음식,향토음식,이용시간,이용,,,,일반,휴양 및 관광,홈페이지,일반,전화,아웃바운드,완료,20210407,4,Wednesday
2021-04-24,한국어,음식,음식,한식,인원,문자,식당,음식점,제주,일반,휴양 및 관광,홈페이지,일반,전화,인바운드,완료,20210424,4,Saturday
2021-04-07,한국어,음식,음식,향토음식,휴무일,이용시간,이용,,,일반,휴양 및 관광,홈페이지,일반,전화,아웃바운드,완료,20210407,4,Wednesday
2021-04-07,한국어,음식,음식,향토음식,휴무일,이용시간,이용,,,일반,휴양 및 관광,홈페이지,일반,전화,아웃바운드,완료,20210407,4,Wednesday
2021-04-07,한국어,음식,음식,향토음식,외국어,운영시간,음식점,이용,말고기,일반,휴양 및 관광,홈페이지,일반,전화,아웃바운드,완료,20210407,4,Wednesday
2021-04-25,한국어,음식,음식,한식,해녀,문자,식당,한림,제주,일반,휴양 및 관광,홈페이지,일반,전화,인바운드,완료,20210425,4,Sunday
2021-04-16,한국어,음식,음식,한식,외국어,이용,,,,일반,휴양 및 관광,홈페이지,일반,전화,아웃바운드,완료,20210417,4,Friday
2021-04-16,한국어,음식,음식,한식,만장굴,박물관,해녀,기념관,문자,일반,휴양 및 관광,홈페이지,일반,전화,인바운드,완료,20210416,4,Friday
2021-04-25,한국어,음식,음식,한식,해녀,문자,식당,한림,제주,일반,휴양 및 관광,홈페이지,일반,전화,아웃바운드,완료,20210425,4,Sunday
2021-04-16,한국어,음식,음식,향토음식,외국어,함덕,이용,,,일반,휴양 및 관광,홈페이지,일반,전화,아웃바운드,완료,20210417,4,Friday
2021-04-28,한국어,음식,음식,한식,식당,맛집,에코랜드,,,일반,휴양 및 관광,홈페이지,일반,전화,인바운드,완료,20210428,4,Wednesday
2021-04-20,한국어,음식,음식,카페,커피,서귀포,,,,일반,휴양 및 관광,홈페이지,일반,전화,인바운드,완료,20210420,4,Tuesday
2021-04-20,한국어,음식,음식,한식,연락처,쇠소깍,산방산,문자,숙소,일반,휴양 및 관광,홈페이지,일반,전화,인바운드,완료,20210420,4,Tuesday
2021-04-05,한국어,음식,음식,향토음식,,,,,,일반,휴양 및 관광,홈페이지,일반,전화,아웃바운드,완료,20210405,4,Monday
2021-04-20,한국어,음식,음식,카페,문자,리스트,호텔,마을,서귀포,일반,휴양 및 관광,홈페이지,일반,전화,인바운드,완료,20210420,4,Tuesday
2021-04-20,한국어,음식,음식,카페,문자,리스트,안덕,커피,서귀포,일반,휴양 및 관광,홈페이지,일반,전화,아웃바운드,완료,20210420,4,Tuesday
2021-04-20,한국어,음식,음식,카페,,,,,,자동저장,휴양 및 관광,홈페이지,일반,전화,인바운드,완료,20210420,4,Tuesday
2021-04-13,한국어,음식,음식,한식,판매,,,,,일반,휴양 및 관광,홈페이지,일반,전화,아웃바운드,완료,20210413,4,Tuesday
2021-04-13,한국어,음식,음식,향토음식,이용시간,이용,,,,일반,휴양 및 관광,홈페이지,일반,전화,아웃바운드,완료,20210413,4,Tuesday
2021-04-13,한국어,음식,음식,향토음식,이용,재료소진,,,,일반,휴양 및 관광,홈페이지,일반,전화,아웃바운드,완료,20210413,4,Tuesday
2021-04-13,한국어,음식,음식,한식,외국어,이용,,,,일반,휴양 및 관광,홈페이지,일반,전화,아웃바운드,완료,20210413,4,Tuesday
2021-04-16,한국어,음식,음식,한식,금호,음식점,리조트,인터넷,,일반,휴양 및 관광,홈페이지,일반,전화,인바운드,완료,20210416,4,Friday
2021-04-17,한국어,음식,음식,한식,비자림,문자,제주,갈치,맛집,일반,휴양 및 관광,홈페이지,일반,전화,인바운드,완료,20210417,4,Saturday
2021-04-14,한국어,음식,음식,향토음식,오름,해녀,식당,코지,오일장,일반,휴양 및 관광,홈페이지,일반,전화,인바운드,완료,20210414,4,Wednesday
2021-04-16,한국어,음식,음식,한식,외국어,이용시간,이용,,,일반,휴양 및 관광,홈페이지,일반,전화,아웃바운드,완료,20210417,4,Friday
2021-04-16,한국어,음식,음식,한식,외국어,이용시간,이용,,,일반,휴양 및 관광,홈페이지,일반,전화,아웃바운드,완료,20210417,4,Friday
2021-04-14,한국어,음식,음식,한식,운영시간,휴무일,만장굴,숲길,솔동산,일반,휴양 및 관광,홈페이지,일반,전화,인바운드,완료,20210415,4,Wednesday
2021-04-02,한국어,음식,음식,향토음식,식당,인터넷,제주,판매,이용,일반,휴양 및 관광,홈페이지,일반,전화,인바운드,완료,20210402,4,Friday
2021-04-27,한국어,음식,음식,향토음식,마을,방귤당,,,,일반,휴양 및 관광,홈페이지,일반,전화,아웃바운드,완료,20210427,4,Tuesday
2021-04-18,한국어,음식,음식,향토음식,소요시간,운영시간,휴무일,오름,박물관,일반,휴양 및 관광,홈페이지,일반,전화,인바운드,완료,20210418,4,Sunday
2021-04-05,한국어,음식,음식,향토음식,제주,이용,,,,일반,휴양 및 관광,홈페이지,일반,전화,아웃바운드,완료,20210405,4,Monday
2021-04-30,한국어,음식,음식,일식,연락처,유선,문자,안전,인터넷,일반,휴양 및 관광,홈페이지,일반,전화,인바운드,완료,20210430,4,Friday
2021-04-30,한국어,음식,음식,카페,,,,,,일반,휴양 및 관광,홈페이지,일반,전화,아웃바운드,완료,20210430,4,Friday
2021-04-30,한국어,음식,음식,카페,제주,,,,,일반,휴양 및 관광,홈페이지,일반,전화,아웃바운드,완료,20210430,4,Friday
2021-04-30,한국어,음식,음식,카페,제주,,,,,일반,휴양 및 관광,홈페이지,일반,전화,아웃바운드,완료,20210430,4,Friday
2021-04-05,한국어,음식,음식,향토음식,외국어,이용,,,,일반,휴양 및 관광,홈페이지,일반,전화,아웃바운드,완료,20210405,4,Monday
2021-05-04,한국어,음식,음식,향토음식,외국어,해녀,도두,이용,도두해녀의집,일반,휴양 및 관광,홈페이지,일반,전화,아웃바운드,완료,20210504,5,Tuesday
2021-05-12,한국어,음식,음식,향토음식,외국어,식당,이용,,,일반,휴양 및 관광,홈페이지,일반,전화,아웃바운드,완료,20210512,5,Wednesday
2021-05-13,한국어,음식,음식,향토음식,해녀,유선,문자,안전,해수,일반,휴양 및 관광,홈페이지,일반,전화,인바운드,완료,20210513,5,Thursday
2021-05-09,한국어,음식,음식,향토음식,정방폭포,주상절리대,해녀,폭포,서귀포,일반,휴양 및 관광,홈페이지,일반,전화,인바운드,완료,20210509,5,Sunday
2021-05-10,한국어,음식,음식,한식,식당,제주,문의처,제주공항,,일반,휴양 및 관광,홈페이지,일반,전화,인바운드,완료,20210510,5,Monday
2021-05-04,한국어,음식,음식,향토음식,해녀,이용,해녀의집,협재해녀의집,,일반,휴양 및 관광,홈페이지,일반,전화,아웃바운드,완료,20210504,5,Tuesday
2021-05-04,한국어,음식,음식,향토음식,해녀,성산,이용,해녀의집,어촌계,일반,휴양 및 관광,홈페이지,일반,전화,아웃바운드,완료,20210504,5,Tuesday
2021-05-04,한국어,음식,음식,향토음식,해녀,이용,가파도,해녀촌,,일반,휴양 및 관광,홈페이지,일반,전화,아웃바운드,완료,20210504,5,Tuesday
2021-05-03,한국어,음식,음식,카페,체험,,,,,일반,휴양 및 관광,홈페이지,일반,전화,아웃바운드,완료,20210503,5,Monday
2021-05-11,한국어,음식,음식,향토음식,이용,맛집,,,,일반,휴양 및 관광,홈페이지,일반,전화,아웃바운드,완료,20210511,5,Tuesday
2021-05-11,한국어,음식,음식,향토음식,이용,,,,,일반,휴양 및 관광,홈페이지,일반,전화,아웃바운드,완료,20210511,5,Tuesday
2021-05-18,한국어,음식,음식,한식,이용시간,이용,,,,일반,휴양 및 관광,홈페이지,일반,전화,아웃바운드,완료,20210518,5,Tuesday
2021-05-18,한국어,음식,음식,한식,이용,횟집,,,,일반,휴양 및 관광,홈페이지,일반,전화,아웃바운드,완료,20210518,5,Tuesday
2021-05-21,한국어,음식,음식,한식,이용,,,,,일반,휴양 및 관광,홈페이지,일반,전화,아웃바운드,완료,20210521,5,Friday
2021-05-21,한국어,음식,음식,향토음식,외국어,리스트,이용,,,일반,휴양 및 관광,홈페이지,일반,전화,아웃바운드,완료,20210521,5,Friday
2021-05-21,한국어,음식,음식,향토음식,마을,이용,,,,일반,휴양 및 관광,홈페이지,일반,전화,아웃바운드,완료,20210521,5,Friday
2021-05-21,한국어,음식,음식,한식,이용시간,이용,,,,일반,휴양 및 관광,홈페이지,일반,전화,아웃바운드,완료,20210521,5,Friday
2021-05-21,한국어,음식,음식,한식,외국어,이용시간,이용,,,일반,휴양 및 관광,홈페이지,일반,전화,아웃바운드,완료,20210521,5,Friday
2021-05-13,한국어,음식,음식,한식,주차장,식당,대정,서귀포,주소,일반,휴양 및 관광,홈페이지,일반,전화,인바운드,완료,20210513,5,Thursday
2021-05-30,한국어,음식,음식,향토음식,박물관,해녀,우도,문자,식당,일반,휴양 및 관광,홈페이지,일반,전화,인바운드,완료,20210530,5,Sunday
2021-05-02,한국어,음식,음식,향토음식,해녀,용두암,주차장,주차,,일반,휴양 및 관광,홈페이지,일반,전화,인바운드,완료,20210502,5,Sunday
2021-05-06,한국어,음식,음식,카페,이용요금,요금,커피,카페,이용,일반,휴양 및 관광,홈페이지,일반,전화,아웃바운드,완료,20210729,5,Thursday
2021-05-03,한국어,음식,음식,향토음식,해녀,용두암,,,,일반,휴양 및 관광,홈페이지,일반,전화,아웃바운드,완료,20210503,5,Monday
2021-05-11,한국어,음식,음식,향토음식,이용,맛집,,,,일반,휴양 및 관광,홈페이지,일반,전화,아웃바운드,완료,20210511,5,Tuesday
2021-05-11,한국어,음식,음식,향토음식,천제연,서귀포,제주,이용,맛집,일반,휴양 및 관광,홈페이지,일반,전화,아웃바운드,완료,20210511,5,Tuesday
2021-05-11,한국어,음식,음식,향토음식,해녀,,,,,일반,휴양 및 관광,홈페이지,일반,전화,아웃바운드,완료,20210511,5,Tuesday
2021-05-11,한국어,음식,음식,한식,식당,서귀포,제주,,,일반,휴양 및 관광,홈페이지,일반,전화,아웃바운드,완료,20210511,5,Tuesday
2021-05-12,한국어,음식,음식,향토음식,식당,인터넷,방문,,,일반,휴양 및 관광,홈페이지,일반,전화,인바운드,완료,20210512,5,Wednesday
2021-05-13,한국어,음식,음식,향토음식,이용,,,,,일반,휴양 및 관광,홈페이지,일반,전화,아웃바운드,완료,20210513,5,Thursday
2021-05-11,한국어,음식,음식,향토음식,유선,이용시간,이용,맛집,,일반,휴양 및 관광,홈페이지,일반,전화,아웃바운드,완료,20210511,5,Tuesday
2021-05-03,한국어,음식,음식,카페,이용요금,운영시간,체험,요금,이용,일반,휴양 및 관광,홈페이지,일반,전화,아웃바운드,완료,20210503,5,Monday
2021-05-18,한국어,음식,음식,한식,외국어,이용시간,이용,,,일반,휴양 및 관광,홈페이지,일반,전화,아웃바운드,완료,20210518,5,Tuesday
2021-05-18,한국어,음식,음식,한식,외국어,식당,이용시간,이용,,일반,휴양 및 관광,홈페이지,일반,전화,아웃바운드,완료,20210518,5,Tuesday
2021-05-06,한국어,음식,음식,한식,맛집,,,,,일반,휴양 및 관광,홈페이지,일반,전화,아웃바운드,완료,20210506,5,Thursday
2021-05-11,한국어,음식,음식,향토음식,외국어,식당,이용,,,일반,휴양 및 관광,홈페이지,일반,전화,아웃바운드,완료,20210511,5,Tuesday
2021-05-06,한국어,음식,음식,한식,맛집,,,,,일반,휴양 및 관광,홈페이지,일반,전화,아웃바운드,완료,20210506,5,Thursday
2021-05-07,한국어,음식,음식,기타,문자,안전,서귀포,제주,관광정보,일반,휴양 및 관광,홈페이지,일반,전화,인바운드,완료,20210507,5,Friday
2021-05-07,한국어,음식,음식,향토음식,해녀,코지,이용,해녀의집,섭지,일반,휴양 및 관광,홈페이지,일반,전화,아웃바운드,완료,20210507,5,Friday
2021-05-07,한국어,음식,음식,향토음식,해녀,중문,이용,해녀의집,어촌계,일반,휴양 및 관광,홈페이지,일반,전화,아웃바운드,완료,20210507,5,Friday
2021-05-15,한국어,음식,음식,향토음식,운영시간,유선,문자,리스트,식당,일반,휴양 및 관광,홈페이지,일반,전화,인바운드,완료,20210515,5,Saturday
2021-05-06,한국어,음식,음식,향토음식,외국어,해녀,이용시간,이용,해녀의집,일반,휴양 및 관광,홈페이지,일반,전화,아웃바운드,완료,20210506,5,Thursday
2021-05-18,한국어,음식,음식,향토음식,해녀,유선,문자,식당,서귀포,일반,휴양 및 관광,홈페이지,일반,전화,인바운드,완료,20210518,5,Tuesday
2021-05-21,한국어,음식,음식,한식,외국어,이용,,,,일반,휴양 및 관광,홈페이지,일반,전화,아웃바운드,완료,20210521,5,Friday
2021-05-21,한국어,음식,음식,한식,해녀,이용,,,,일반,휴양 및 관광,홈페이지,일반,전화,아웃바운드,완료,20210521,5,Friday
2021-05-21,한국어,음식,음식,한식,외국어,유선,문자,음식점,비짓,일반,휴양 및 관광,홈페이지,일반,전화,아웃바운드,완료,20210521,5,Friday
2021-05-21,한국어,음식,음식,한식,식당,이용시간,이용,,,일반,휴양 및 관광,홈페이지,일반,전화,아웃바운드,완료,20210521,5,Friday
2021-05-25,한국어,음식,음식,양식,연락처,공지,,,,일반,휴양 및 관광,홈페이지,일반,전화,인바운드,완료,20210525,5,Tuesday
2021-05-26,한국어,음식,음식,향토음식,안내소,성판악,해녀,용두암,탐방,일반,휴양 및 관광,홈페이지,일반,전화,인바운드,완료,20210526,5,Wednesday
2021-05-24,한국어,음식,음식,한식,운영시간,우도,유선,숙박,문자,일반,휴양 및 관광,홈페이지,일반,전화,인바운드,완료,20210524,5,Monday
2021-05-03,한국어,음식,음식,향토음식,해녀,매표소,용머리해안,,,일반,휴양 및 관광,홈페이지,일반,전화,아웃바운드,완료,20210503,5,Monday
2021-05-03,한국어,음식,음식,향토음식,해녀,용두암,,,,일반,휴양 및 관광,홈페이지,일반,전화,아웃바운드,완료,20210503,5,Monday
2021-05-03,한국어,음식,음식,향토음식,해녀,,,,,일반,휴양 및 관광,홈페이지,일반,전화,아웃바운드,완료,20210503,5,Monday
2021-05-03,한국어,음식,음식,향토음식,해녀,용두암,,,,일반,휴양 및 관광,홈페이지,일반,전화,아웃바운드,완료,20210503,5,Monday
2021-05-28,한국어,음식,음식,기타,운영시간,오름,박물관,세계,문자,일반,휴양 및 관광,홈페이지,일반,전화,인바운드,완료,20210528,5,Friday
2021-05-04,한국어,음식,음식,향토음식,해녀,이용,해녀촌,재료소진,,일반,휴양 및 관광,홈페이지,일반,전화,아웃바운드,완료,20210504,5,Tuesday
2021-05-04,한국어,음식,음식,향토음식,외국어,해녀,이용시간,이용,해녀촌,일반,휴양 및 관광,홈페이지,일반,전화,아웃바운드,완료,20210504,5,Tuesday
2021-05-04,한국어,음식,음식,향토음식,외국어,운영시간,해녀,이용,해녀촌,일반,휴양 및 관광,홈페이지,일반,전화,아웃바운드,완료,20210504,5,Tuesday
2021-05-29,한국어,음식,음식,한식,김창열,미술관,유선,문자,음식점,일반,휴양 및 관광,홈페이지,일반,전화,인바운드,완료,20210529,5,Saturday
2021-05-07,한국어,음식,음식,카페,이용요금,요금,세화,서귀포,표선,일반,휴양 및 관광,홈페이지,일반,전화,아웃바운드,완료,20210507,5,Friday
2021-05-07,한국어,음식,음식,향토음식,이용,맛집,,,,일반,휴양 및 관광,홈페이지,일반,전화,아웃바운드,완료,20210507,5,Friday
2021-05-12,한국어,음식,음식,한식,숲길,오름,사려니,비자림,유선,일반,휴양 및 관광,홈페이지,일반,전화,인바운드,완료,20210512,5,Wednesday
2021-05-13,한국어,음식,음식,한식,신라,중문,,,,일반,휴양 및 관광,홈페이지,일반,전화,아웃바운드,완료,20210513,5,Thursday
2021-05-14,한국어,음식,음식,한식,연락처,용두암,문자,식당,도두,일반,휴양 및 관광,홈페이지,일반,전화,인바운드,완료,20210514,5,Friday
2021-05-07,한국어,음식,음식,향토음식,식당,이용,맛집,,,일반,휴양 및 관광,홈페이지,일반,전화,아웃바운드,완료,20210507,5,Friday
2021-05-03,한국어,음식,음식,향토음식,정방폭포,해녀,폭포,판매,,일반,휴양 및 관광,홈페이지,일반,전화,아웃바운드,완료,20210503,5,Monday
2021-05-08,한국어,음식,음식,일식,횟집,도로,,,,일반,휴양 및 관광,홈페이지,일반,전화,인바운드,완료,20210508,5,Saturday
2021-05-04,한국어,음식,음식,향토음식,해녀,성산,이용,해녀의집,시흥리,일반,휴양 및 관광,홈페이지,일반,전화,아웃바운드,완료,20210504,5,Tuesday
2021-05-04,한국어,음식,음식,향토음식,해녀,우도,이용,해녀의집,물꼬해녀의집,일반,휴양 및 관광,홈페이지,일반,전화,아웃바운드,완료,20210504,5,Tuesday
2021-05-04,한국어,음식,음식,향토음식,외국어,해녀,김녕,이용시간,이용,일반,휴양 및 관광,홈페이지,일반,전화,아웃바운드,완료,20210504,5,Tuesday
2021-05-17,한국어,음식,음식,향토음식,오름,유선,문자,식당,안전,일반,휴양 및 관광,홈페이지,일반,전화,인바운드,완료,20210517,5,Monday
2021-05-25,한국어,음식,음식,카페,관광지,올레,제주,카페,방문,일반,휴양 및 관광,홈페이지,일반,전화,인바운드,완료,20210525,5,Tuesday
2021-05-13,한국어,음식,음식,향토음식,천제연,유선,문자,숙소,호텔,일반,휴양 및 관광,홈페이지,일반,전화,인바운드,완료,20210513,5,Thursday
2021-05-13,한국어,음식,음식,한식,천제연,유선,문자,호텔,신라,일반,휴양 및 관광,홈페이지,일반,전화,인바운드,완료,20210513,5,Thursday
2021-05-06,한국어,음식,음식,한식,맛집,,,,,일반,휴양 및 관광,홈페이지,일반,전화,아웃바운드,완료,20210506,5,Thursday
2021-05-06,한국어,음식,음식,한식,식당,맛집,,,,일반,휴양 및 관광,홈페이지,일반,전화,아웃바운드,완료,20210506,5,Thursday
2021-05-06,한국어,음식,음식,한식,마라도,이용시간,이용,맛집,횟집,일반,휴양 및 관광,홈페이지,일반,전화,아웃바운드,완료,20210506,5,Thursday
2021-05-06,한국어,음식,음식,한식,맛집,횟집,,,,일반,휴양 및 관광,홈페이지,일반,전화,아웃바운드,완료,20210506,5,Thursday
2021-05-06,한국어,음식,음식,한식,맛집,,,,,일반,휴양 및 관광,홈페이지,일반,전화,아웃바운드,완료,20210506,5,Thursday
2021-05-06,한국어,음식,음식,한식,식당,맛집,,,,일반,휴양 및 관광,홈페이지,일반,전화,아웃바운드,완료,20210506,5,Thursday
2021-05-06,한국어,음식,음식,한식,식당,맛집,,,,일반,휴양 및 관광,홈페이지,일반,전화,아웃바운드,완료,20210506,5,Thursday
2021-05-17,한국어,음식,음식,향토음식,제주,이용,,,,일반,휴양 및 관광,홈페이지,일반,전화,인바운드,완료,20210517,5,Monday
2021-05-07,한국어,음식,음식,향토음식,해녀,이용,해녀의집,강정,,일반,휴양 및 관광,홈페이지,일반,전화,아웃바운드,완료,20210507,5,Friday
2021-05-07,한국어,음식,음식,카페,제주,구좌,카페,이용시간,이용,일반,휴양 및 관광,홈페이지,일반,전화,아웃바운드,완료,20210507,5,Friday
2021-05-07,한국어,음식,음식,향토음식,식당,이용시간,이용,맛집,,일반,휴양 및 관광,홈페이지,일반,전화,아웃바운드,완료,20210507,5,Friday
2021-05-07,한국어,음식,음식,향토음식,식당,이용,맛집,,,일반,휴양 및 관광,홈페이지,일반,전화,아웃바운드,완료,20210507,5,Friday
2021-05-17,한국어,음식,음식,한식,비자림,성산,문자,식당,제주,일반,휴양 및 관광,홈페이지,일반,전화,인바운드,완료,20210517,5,Monday
2021-05-18,한국어,음식,음식,한식,운영시간,식당,이용,,,일반,휴양 및 관광,홈페이지,일반,전화,아웃바운드,완료,20210518,5,Tuesday
2021-05-18,한국어,음식,음식,한식,외국어,해녀,유선,도두,이용,일반,휴양 및 관광,홈페이지,일반,전화,아웃바운드,완료,20210518,5,Tuesday
2021-05-18,한국어,음식,음식,한식,외국어,이용시간,이용,,,일반,휴양 및 관광,홈페이지,일반,전화,아웃바운드,완료,20210518,5,Tuesday
2021-05-27,한국어,음식,음식,한식,운영시간,용두암,유선,문자,음식점,일반,휴양 및 관광,홈페이지,일반,전화,인바운드,완료,20210527,5,Thursday
2021-05-07,한국어,음식,음식,향토음식,해녀,이용,해녀의집,,,일반,휴양 및 관광,홈페이지,일반,전화,아웃바운드,완료,20210507,5,Friday
2021-05-07,한국어,음식,음식,향토음식,해녀,이용,해녀의집,오조해녀의집,,일반,휴양 및 관광,홈페이지,일반,전화,아웃바운드,완료,20210507,5,Friday
2021-06-28,영어,음식,음식,한식,문자,해수,음식점,함덕,제주,일반,휴양 및 관광,홈페이지,일반,전화,인바운드,완료,20210628,6,Monday
2021-06-28,한국어,음식,음식,한식,,,,,,일반,휴양 및 관광,홈페이지,일반,전화,아웃바운드,완료,20210729,6,Monday
2021-06-28,한국어,음식,음식,기타,연락처,유선,문자,제주도청,안전,일반,휴양 및 관광,홈페이지,일반,전화,인바운드,완료,20210628,6,Monday
2021-06-17,한국어,음식,음식,한식,제주,,,,,일반,휴양 및 관광,홈페이지,일반,전화,아웃바운드,완료,20210617,6,Thursday
2021-06-17,한국어,음식,음식,한식,운영시간,이용,횟집,,,일반,휴양 및 관광,홈페이지,일반,전화,아웃바운드,완료,20210617,6,Thursday
2021-06-02,한국어,음식,음식,향토음식,식당,성읍,이용,,,일반,휴양 및 관광,홈페이지,일반,전화,아웃바운드,완료,20210602,6,Wednesday
2021-06-15,한국어,음식,음식,향토음식,연락처,마을,제주,문화,감귤,일반,휴양 및 관광,홈페이지,일반,전화,아웃바운드,완료,20210615,6,Tuesday
2021-06-03,한국어,음식,음식,한식,외국어,이용,,,,일반,휴양 및 관광,홈페이지,일반,전화,아웃바운드,완료,20210603,6,Thursday
2021-06-03,한국어,음식,음식,한식,외국어,식당,이용,,,일반,휴양 및 관광,홈페이지,일반,전화,아웃바운드,완료,20210603,6,Thursday
2021-06-15,한국어,음식,음식,한식,식당,주소,,,,일반,휴양 및 관광,홈페이지,일반,전화,인바운드,완료,20210615,6,Tuesday
2021-06-15,한국어,음식,음식,카페,이용요금,요금,안덕,커피,서귀포,일반,휴양 및 관광,홈페이지,일반,전화,아웃바운드,완료,20210615,6,Tuesday
2021-06-08,한국어,음식,음식,향토음식,천제연,문자,식당,인터넷,서귀포,일반,휴양 및 관광,홈페이지,일반,전화,인바운드,완료,20210608,6,Tuesday
2021-06-08,한국어,음식,음식,카페,호텔,카페,,,,일반,휴양 및 관광,홈페이지,일반,전화,아웃바운드,완료,20210608,6,Tuesday
2021-06-15,한국어,음식,음식,향토음식,쇠소깍,비자림,식당,서귀포,시내,일반,휴양 및 관광,홈페이지,일반,전화,인바운드,완료,20210615,6,Tuesday
2021-06-16,한국어,음식,음식,일식,이용,횟집,,,,일반,휴양 및 관광,홈페이지,일반,전화,아웃바운드,완료,20210616,6,Wednesday
2021-06-16,한국어,음식,음식,일식,이용,,,,,일반,휴양 및 관광,홈페이지,일반,전화,아웃바운드,완료,20210616,6,Wednesday
2021-06-16,한국어,음식,음식,한식,운영시간,문자,식당,안전,드림,일반,휴양 및 관광,홈페이지,일반,전화,인바운드,완료,20210616,6,Wednesday
2021-06-17,한국어,음식,음식,한식,문자,식당,한림,제주,주소,일반,휴양 및 관광,홈페이지,일반,전화,인바운드,완료,20210617,6,Thursday
2021-06-03,한국어,음식,음식,한식,외국어,이용시간,이용,흑돼지,늘봄,일반,휴양 및 관광,홈페이지,일반,전화,아웃바운드,완료,20210603,6,Thursday
2021-06-06,한국어,음식,음식,한식,유선,문자,식당,이모,동문시장,일반,휴양 및 관광,홈페이지,일반,전화,인바운드,완료,20210606,6,Sunday
2021-06-07,한국어,음식,음식,한식,외국어,흑돼지,,,,일반,휴양 및 관광,홈페이지,일반,전화,아웃바운드,완료,20210607,6,Monday
2021-06-07,한국어,음식,음식,한식,운영시간,,,,,일반,휴양 및 관광,홈페이지,일반,전화,아웃바운드,완료,20210607,6,Monday
2021-06-14,한국어,음식,음식,카페,커피,수목원,제주,,,일반,휴양 및 관광,홈페이지,일반,전화,아웃바운드,완료,20210614,6,Monday
2021-06-02,한국어,음식,음식,한식,외국인,맛집,흑돼지,,,일반,휴양 및 관광,홈페이지,일반,전화,아웃바운드,완료,20210602,6,Wednesday
2021-06-15,한국어,음식,음식,카페,카페,,,,,일반,휴양 및 관광,홈페이지,일반,전화,아웃바운드,완료,20210615,6,Tuesday
2021-06-15,한국어,음식,음식,향토음식,연락처,마을,제주,문화,감귤,일반,휴양 및 관광,홈페이지,일반,전화,인바운드,완료,20210615,6,Tuesday
2021-06-08,한국어,음식,음식,카페,외국어,이용요금,유선,요금,이용,일반,휴양 및 관광,홈페이지,일반,전화,아웃바운드,완료,20210608,6,Tuesday
2021-06-03,한국어,음식,음식,향토음식,이용,흑돼지,,,,일반,휴양 및 관광,홈페이지,일반,전화,아웃바운드,완료,20210603,6,Thursday
2021-06-03,한국어,음식,음식,한식,외국어,이용시간,이용,흑돼지,,일반,휴양 및 관광,홈페이지,일반,전화,아웃바운드,완료,20210603,6,Thursday
2021-06-04,한국어,음식,음식,한식,자연휴양림,박물관,자연,유선,문자,일반,휴양 및 관광,홈페이지,일반,전화,인바운드,완료,20210604,6,Friday
2021-06-21,한국어,음식,음식,한식,외국어,휴무일,유선,이용시간,이용,일반,휴양 및 관광,홈페이지,일반,전화,아웃바운드,완료,20210621,6,Monday
2021-06-16,한국어,음식,음식,일식,이용,횟집,,,,일반,휴양 및 관광,홈페이지,일반,전화,아웃바운드,완료,20210616,6,Wednesday
2021-06-16,한국어,음식,음식,양식,연락처,음식점,비짓,인터넷,제주,일반,휴양 및 관광,홈페이지,일반,전화,인바운드,완료,20210616,6,Wednesday
2021-06-16,한국어,음식,음식,양식,연락처,음식점,제주,,,일반,휴양 및 관광,홈페이지,일반,전화,아웃바운드,완료,20210616,6,Wednesday
2021-06-16,한국어,음식,음식,양식,연락처,음식점,제주,,,일반,휴양 및 관광,홈페이지,일반,전화,아웃바운드,완료,20210616,6,Wednesday
2021-06-03,한국어,음식,음식,향토음식,이용,,,,,일반,휴양 및 관광,홈페이지,일반,전화,아웃바운드,완료,20210603,6,Thursday
2021-06-04,한국어,음식,음식,한식,외국인,이용,맛집,흑돼지,,일반,휴양 및 관광,홈페이지,일반,전화,아웃바운드,완료,20210604,6,Friday
2021-06-04,한국어,음식,음식,한식,외국어,식당,이용시간,이용,맛집,일반,휴양 및 관광,홈페이지,일반,전화,아웃바운드,완료,20210604,6,Friday
2021-06-17,한국어,음식,음식,한식,운영시간,이용,횟집,,,일반,휴양 및 관광,홈페이지,일반,전화,아웃바운드,완료,20210617,6,Thursday
2021-06-16,한국어,음식,음식,일식,이용,,,,,일반,휴양 및 관광,홈페이지,일반,전화,아웃바운드,완료,20210616,6,Wednesday
2021-06-17,한국어,음식,음식,한식,운영시간,이용,,,,일반,휴양 및 관광,홈페이지,일반,전화,아웃바운드,완료,20210617,6,Thursday
2021-06-17,한국어,음식,음식,한식,운영시간,외국인,이용,횟집,,일반,휴양 및 관광,홈페이지,일반,전화,아웃바운드,완료,20210617,6,Thursday
2021-06-07,한국어,음식,음식,한식,가든,,,,,일반,휴양 및 관광,홈페이지,일반,전화,아웃바운드,완료,20210607,6,Monday
2021-06-07,한국어,음식,음식,한식,외국어,제주,,,,일반,휴양 및 관광,홈페이지,일반,전화,아웃바운드,완료,20210607,6,Monday
2021-06-20,한국어,음식,음식,한식,,,,,,일반,휴양 및 관광,홈페이지,일반,전화,아웃바운드,완료,20210620,6,Sunday
2021-06-18,한국어,음식,음식,카페,운영시간,호텔,파크,안덕,서귀포,일반,휴양 및 관광,홈페이지,일반,전화,아웃바운드,완료,20210618,6,Friday
2021-06-21,한국어,음식,음식,한식,외국어,이용시간,이용,횟집,,일반,휴양 및 관광,홈페이지,일반,전화,아웃바운드,완료,20210621,6,Monday
2021-06-21,한국어,음식,음식,한식,외국어,이용시간,이용,횟집,,일반,휴양 및 관광,홈페이지,일반,전화,아웃바운드,완료,20210621,6,Monday
2021-06-21,한국어,음식,음식,한식,외국어,이용시간,이용,,,일반,휴양 및 관광,홈페이지,일반,전화,아웃바운드,완료,20210621,6,Monday
2021-06-02,한국어,음식,음식,향토음식,이용,,,,,일반,휴양 및 관광,홈페이지,일반,전화,아웃바운드,완료,20210602,6,Wednesday
2021-06-02,한국어,음식,음식,향토음식,이용,흑돼지,,,,일반,휴양 및 관광,홈페이지,일반,전화,아웃바운드,완료,20210602,6,Wednesday
2021-06-07,한국어,음식,음식,한식,외국어,흑돼지,,,,일반,휴양 및 관광,홈페이지,일반,전화,아웃바운드,완료,20210607,6,Monday
2021-06-02,한국어,음식,음식,한식,외국어,운영시간,맛집,흑돼지,,일반,휴양 및 관광,홈페이지,일반,전화,아웃바운드,완료,20210602,6,Wednesday
2021-06-03,한국어,음식,음식,한식,외국어,이용,,,,일반,휴양 및 관광,홈페이지,일반,전화,아웃바운드,완료,20210603,6,Thursday
2021-06-04,한국어,음식,음식,한식,이용시간,이용,맛집,흑돼지,,일반,휴양 및 관광,홈페이지,일반,전화,아웃바운드,완료,20210604,6,Friday
2021-06-04,한국어,음식,음식,한식,이용시간,이용,맛집,흑돼지,,일반,휴양 및 관광,홈페이지,일반,전화,아웃바운드,완료,20210604,6,Friday
2021-06-21,한국어,음식,음식,한식,이용,횟집,,,,일반,휴양 및 관광,홈페이지,일반,전화,아웃바운드,완료,20210621,6,Monday
2021-06-22,한국어,음식,음식,한식,외국어,이용시간,이용,횟집,,일반,휴양 및 관광,홈페이지,일반,전화,아웃바운드,완료,20210622,6,Tuesday
2021-06-22,한국어,음식,음식,한식,외국어,식당,이용시간,이용,횟집,일반,휴양 및 관광,홈페이지,일반,전화,아웃바운드,완료,20210622,6,Tuesday
2021-06-22,한국어,음식,음식,한식,외국어,이용시간,이용,횟집,,일반,휴양 및 관광,홈페이지,일반,전화,아웃바운드,완료,20210622,6,Tuesday
2021-07-06,한국어,음식,음식,한식,,,,,,일반,휴양 및 관광,홈페이지,일반,전화,아웃바운드,완료,20210706,7,Tuesday
2021-07-02,한국어,음식,음식,한식,카페,이용시간,이용,,,일반,휴양 및 관광,홈페이지,일반,전화,아웃바운드,완료,20210702,7,Friday
2021-07-02,한국어,음식,음식,한식,외국인,공지,이용시간,이용,방문,일반,휴양 및 관광,홈페이지,일반,전화,아웃바운드,완료,20210702,7,Friday
2021-07-22,한국어,음식,음식,카페,,,,,,일반,휴양 및 관광,홈페이지,일반,전화,인바운드,완료,20210722,7,Thursday
2021-07-02,한국어,음식,음식,한식,음식점,,,,,일반,휴양 및 관광,홈페이지,일반,전화,아웃바운드,완료,20210702,7,Friday
2021-07-02,한국어,음식,음식,한식,이용시간,이용,,,,일반,휴양 및 관광,홈페이지,일반,전화,아웃바운드,완료,20210702,7,Friday
2021-07-02,한국어,음식,음식,한식,운영시간,이용,체인,,,일반,휴양 및 관광,홈페이지,일반,전화,아웃바운드,완료,20210702,7,Friday
2021-07-02,한국어,음식,음식,한식,식당,맑은,,,,일반,휴양 및 관광,홈페이지,일반,전화,아웃바운드,완료,20210702,7,Friday
2021-07-24,한국어,음식,음식,카페,물품보관,보관,물품,보관함,커피,일반,휴양 및 관광,홈페이지,일반,전화,아웃바운드,완료,20210727,7,Saturday
2021-07-08,한국어,음식,음식,한식,정방폭포,폭포,식당,맛집,횟집,일반,휴양 및 관광,홈페이지,일반,전화,인바운드,완료,20210708,7,Thursday
2021-07-02,한국어,음식,음식,한식,음식점,,,,,일반,휴양 및 관광,홈페이지,일반,전화,아웃바운드,완료,20210702,7,Friday
2021-07-06,한국어,음식,음식,카페,카페,문의처,,,,일반,휴양 및 관광,홈페이지,일반,전화,인바운드,완료,20210706,7,Tuesday
2021-07-06,한국어,음식,음식,한식,음식점,,,,,일반,휴양 및 관광,홈페이지,일반,전화,아웃바운드,완료,20210706,7,Tuesday
2021-07-06,한국어,음식,음식,한식,외국어,이용,,,,일반,휴양 및 관광,홈페이지,일반,전화,아웃바운드,완료,20210706,7,Tuesday
2021-07-02,한국어,음식,음식,한식,외국인,음식점,,,,일반,휴양 및 관광,홈페이지,일반,전화,아웃바운드,완료,20210702,7,Friday
2021-07-02,한국어,음식,음식,한식,사전예약,운영시간,,,,일반,휴양 및 관광,홈페이지,일반,전화,아웃바운드,완료,20210702,7,Friday
2021-07-07,한국어,음식,음식,한식,,,,,,일반,휴양 및 관광,홈페이지,일반,전화,아웃바운드,완료,20210707,7,Wednesday
2021-07-14,한국어,음식,음식,한식,중문,횟집,,,,일반,휴양 및 관광,홈페이지,일반,전화,인바운드,완료,20210714,7,Wednesday
2021-07-02,한국어,음식,음식,한식,음식점,,,,,일반,휴양 및 관광,홈페이지,일반,전화,아웃바운드,완료,20210702,7,Friday
2021-07-05,한국어,음식,음식,한식,식당,맑은,,,,일반,휴양 및 관광,홈페이지,일반,전화,아웃바운드,완료,20210727,7,Monday
2021-07-21,한국어,음식,음식,향토음식,연락처,유선,문자,마을,제주,일반,휴양 및 관광,홈페이지,일반,전화,인바운드,완료,20210721,7,Wednesday
2021-07-20,한국어,음식,음식,향토음식,사전예약,운영시간,체험,유선,식당,일반,휴양 및 관광,홈페이지,일반,전화,아웃바운드,완료,20210720,7,Tuesday
2021-08-04,한국어,음식,음식,카페,,,,,,일반,휴양 및 관광,홈페이지,일반,전화,아웃바운드,완료,20210804,8,Wednesday
2021-08-04,한국어,음식,음식,카페,연락처,카드,,,,일반,휴양 및 관광,홈페이지,일반,전화,아웃바운드,완료,20210804,8,Wednesday
2021-08-26,한국어,음식,음식,한식,연락처,문자,식당,제주,관광정보,일반,휴양 및 관광,홈페이지,일반,전화,인바운드,완료,20210826,8,Thursday
2021-08-26,한국어,음식,음식,한식,식당,,,,,일반,휴양 및 관광,홈페이지,일반,전화,아웃바운드,완료,20210826,8,Thursday
2021-08-23,한국어,음식,음식,향토음식,해녀,용두암,이용,,,일반,휴양 및 관광,홈페이지,일반,전화,아웃바운드,완료,20210823,8,Monday
2021-08-23,한국어,음식,음식,향토음식,해녀,이용,용머리해안,,,일반,휴양 및 관광,홈페이지,일반,전화,아웃바운드,완료,20210823,8,Monday
2021-08-23,한국어,음식,음식,향토음식,정방폭포,해녀,폭포,이용,,일반,휴양 및 관광,홈페이지,일반,전화,아웃바운드,완료,20210823,8,Monday
2021-08-30,한국어,음식,음식,양식,맥파이,맥파이브루어리,,,,일반,휴양 및 관광,홈페이지,일반,전화,아웃바운드,완료,20210830,8,Monday
2021-08-05,한국어,음식,음식,향토음식,메일,제주도청,리스트,인증,제주,일반,휴양 및 관광,홈페이지,일반,전화,아웃바운드,완료,20210805,8,Thursday
2021-08-03,한국어,음식,음식,향토음식,리스트,인증,제주,판매,,일반,휴양 및 관광,홈페이지,일반,전화,아웃바운드,완료,20210803,8,Tuesday
2021-08-03,한국어,음식,음식,향토음식,리스트,인증,제주,홍보,판매,일반,휴양 및 관광,홈페이지,일반,전화,인바운드,완료,20210803,8,Tuesday
2021-08-14,한국어,음식,음식,향토음식,해녀,이용,해녀의집,협재해녀의집,,일반,휴양 및 관광,홈페이지,일반,전화,아웃바운드,완료,20210814,8,Saturday
2021-08-14,한국어,음식,음식,향토음식,해녀,이용,해녀의집,강정,,일반,휴양 및 관광,홈페이지,일반,전화,아웃바운드,완료,20210814,8,Saturday
2021-08-06,한국어,음식,음식,향토음식,갈치,갈치조림,,,,일반,휴양 및 관광,홈페이지,일반,전화,인바운드,완료,20210806,8,Friday
2021-08-12,한국어,음식,음식,향토음식,해녀,함덕,이용,해녀촌,함덕해녀촌,일반,휴양 및 관광,홈페이지,일반,전화,아웃바운드,완료,20210812,8,Thursday
2021-08-12,한국어,음식,음식,향토음식,해녀,이용,해녀의집,,,일반,휴양 및 관광,홈페이지,일반,전화,아웃바운드,완료,20210812,8,Thursday
2021-08-12,한국어,음식,음식,향토음식,해녀,이용,해녀의집,오조해녀의집,,일반,휴양 및 관광,홈페이지,일반,전화,아웃바운드,완료,20210812,8,Thursday
2021-08-12,한국어,음식,음식,향토음식,해녀,중문,해녀의집,어촌계,중문어촌계,일반,휴양 및 관광,홈페이지,일반,전화,아웃바운드,완료,20210812,8,Thursday
2021-08-12,한국어,음식,음식,향토음식,운영시간,해녀,해녀의집,물꼬해녀의집,,일반,휴양 및 관광,홈페이지,일반,전화,아웃바운드,완료,20210812,8,Thursday
2021-08-12,한국어,음식,음식,향토음식,해녀,이용시간,이용,해녀의집,섭지,일반,휴양 및 관광,홈페이지,일반,전화,아웃바운드,완료,20210812,8,Thursday
2021-08-13,한국어,음식,음식,향토음식,해녀,이용,해녀촌,민경이네,,일반,휴양 및 관광,홈페이지,일반,전화,아웃바운드,완료,20210813,8,Friday
2021-08-14,한국어,음식,음식,향토음식,휴무일,해녀,성산,일출봉,이용,일반,휴양 및 관광,홈페이지,일반,전화,아웃바운드,완료,20210814,8,Saturday
2021-08-14,한국어,음식,음식,향토음식,사전예약,비자림,유선,문자,식당,일반,휴양 및 관광,홈페이지,일반,전화,인바운드,완료,20210814,8,Saturday
2021-08-04,한국어,음식,음식,카페,동반,휠체어,카페,이용,,일반,휴양 및 관광,홈페이지,일반,전화,아웃바운드,완료,20210804,8,Wednesday
2021-08-12,한국어,음식,음식,향토음식,해녀,이용,해녀의집,시흥리,,일반,휴양 및 관광,홈페이지,일반,전화,아웃바운드,완료,20210812,8,Thursday
2021-08-18,한국어,음식,음식,향토음식,운영시간,해녀,이용,가파도,해녀촌,일반,휴양 및 관광,홈페이지,일반,전화,아웃바운드,완료,20210818,8,Wednesday
2021-08-23,한국어,음식,음식,향토음식,해녀,이용,주상절리,,,일반,휴양 및 관광,홈페이지,일반,전화,아웃바운드,완료,20210823,8,Monday
2021-08-18,한국어,음식,음식,향토음식,해녀,정상운영,김녕,이용,김녕해녀촌,일반,휴양 및 관광,홈페이지,일반,전화,아웃바운드,완료,20210818,8,Wednesday
2021-08-18,한국어,음식,음식,향토음식,해녀,정상운영,도두,이용,도두해녀의집,일반,휴양 및 관광,홈페이지,일반,전화,아웃바운드,완료,20210818,8,Wednesday
2021-08-06,한국어,음식,음식,한식,문자,안전,음식점,인터넷,서귀포,일반,휴양 및 관광,홈페이지,일반,전화,인바운드,완료,20210806,8,Friday
2021-08-06,한국어,음식,음식,향토음식,갈치,갈치조림,,,,일반,휴양 및 관광,홈페이지,일반,전화,아웃바운드,완료,20210806,8,Friday
2021-08-26,한국어,음식,음식,한식,성산,천제연,유선,문자,식당,일반,휴양 및 관광,홈페이지,일반,전화,인바운드,완료,20210826,8,Thursday
2021-08-18,한국어,음식,음식,향토음식,해녀,이용,해녀촌,촌촌해녀촌,,일반,휴양 및 관광,홈페이지,일반,전화,아웃바운드,완료,20210822,8,Wednesday
2021-08-02,한국어,음식,음식,카페,정상운영,카페,,,,일반,휴양 및 관광,홈페이지,일반,전화,인바운드,완료,20210802,8,Monday
2021-08-15,한국어,음식,음식,기타,1100,박물관,문자,식당,제주,일반,휴양 및 관광,홈페이지,일반,전화,인바운드,완료,20210815,8,Sunday
2021-08-16,한국어,음식,음식,한식,문자,식당,음식점,제주,카페,일반,휴양 및 관광,홈페이지,일반,전화,인바운드,완료,20210816,8,Monday
2021-08-14,한국어,음식,음식,향토음식,해녀,이용,해녀의집,,,일반,휴양 및 관광,홈페이지,일반,전화,아웃바운드,완료,20210814,8,Saturday
2021-08-13,한국어,음식,음식,향토음식,리스트,매점,인증,판매,,일반,휴양 및 관광,홈페이지,일반,전화,아웃바운드,완료,20210830,8,Friday
2021-08-04,한국어,음식,음식,카페,연락처,카드,,,,일반,휴양 및 관광,홈페이지,일반,전화,인바운드,완료,20210804,8,Wednesday
2021-09-02,한국어,음식,음식,카페,동반,,,,,일반,휴양 및 관광,홈페이지,일반,전화,아웃바운드,완료,20210902,9,Thursday
2021-09-08,한국어,음식,음식,향토음식,외국어,이용시간,이용,,,일반,휴양 및 관광,홈페이지,일반,전화,아웃바운드,완료,20210908,9,Wednesday
2021-09-08,한국어,음식,음식,한식,문자,메일,리스트,식당,제주,일반,휴양 및 관광,홈페이지,일반,전화,인바운드,완료,20210908,9,Wednesday
2021-09-29,한국어,음식,음식,향토음식,이용,,,,,일반,휴양 및 관광,홈페이지,일반,전화,아웃바운드,완료,20210929,9,Wednesday
2021-09-29,한국어,음식,음식,향토음식,외국어,마을,안덕,한라산,한라,일반,휴양 및 관광,홈페이지,일반,전화,아웃바운드,완료,20210929,9,Wednesday
2021-09-08,한국어,음식,음식,한식,외국인,식당,이용시간,이용,,일반,휴양 및 관광,홈페이지,일반,전화,아웃바운드,완료,20210908,9,Wednesday
2021-09-08,한국어,음식,음식,한식,외국인,식당,이용시간,이용,,일반,휴양 및 관광,홈페이지,일반,전화,아웃바운드,완료,20210908,9,Wednesday
2021-09-08,한국어,음식,음식,한식,외국어,이용시간,이용,,,일반,휴양 및 관광,홈페이지,일반,전화,아웃바운드,완료,20210908,9,Wednesday
2021-09-09,한국어,음식,음식,향토음식,한라산,한라,제주,입점,판매,일반,휴양 및 관광,홈페이지,일반,전화,아웃바운드,완료,20210909,9,Thursday
2021-09-09,한국어,음식,음식,향토음식,체험,주막,제주,,,일반,휴양 및 관광,홈페이지,일반,전화,아웃바운드,완료,20210909,9,Thursday
2021-09-09,한국어,음식,음식,향토음식,체험,무료,시음,,,일반,휴양 및 관광,홈페이지,일반,전화,아웃바운드,완료,20210909,9,Thursday
2021-09-09,한국어,음식,음식,한식,외국어,제주,이용시간,이용,,일반,휴양 및 관광,홈페이지,일반,전화,아웃바운드,완료,20210909,9,Thursday
2021-09-09,한국어,음식,음식,한식,외국어,이용시간,이용,,,일반,휴양 및 관광,홈페이지,일반,전화,아웃바운드,완료,20210909,9,Thursday
2021-09-30,한국어,음식,음식,향토음식,외국인,이용,,,,일반,휴양 및 관광,홈페이지,일반,전화,아웃바운드,완료,20210930,9,Thursday
2021-09-03,한국어,음식,음식,카페,동반,카페,이용시간,이용,,일반,휴양 및 관광,홈페이지,일반,전화,아웃바운드,완료,20210903,9,Friday
2021-09-19,한국어,음식,음식,향토음식,연락처,제주,,,,일반,휴양 및 관광,홈페이지,일반,전화,인바운드,완료,20210919,9,Sunday
2021-09-29,한국어,음식,음식,향토음식,이용,메밀꽃차롱,,,,일반,휴양 및 관광,홈페이지,일반,전화,아웃바운드,완료,20210929,9,Wednesday
2021-09-13,한국어,음식,음식,카페,애완동물,동반,카페,이용,,일반,휴양 및 관광,홈페이지,일반,전화,아웃바운드,완료,20210913,9,Monday
2021-09-13,한국어,음식,음식,향토음식,외국어,한라,이용시간,이용,오메기떡,일반,휴양 및 관광,홈페이지,일반,전화,아웃바운드,완료,20210913,9,Monday
2021-09-25,한국어,음식,음식,향토음식,문자,식당,안전,함덕,제주,일반,휴양 및 관광,홈페이지,일반,전화,인바운드,완료,20210925,9,Saturday
2021-09-02,한국어,음식,음식,카페,제주,관광정보,문의처,,,일반,휴양 및 관광,홈페이지,일반,전화,아웃바운드,완료,20210902,9,Thursday
2021-09-07,한국어,음식,음식,향토음식,외국어,제주,이용시간,이용,주소,일반,휴양 및 관광,홈페이지,일반,전화,아웃바운드,완료,20210907,9,Tuesday
2021-09-10,한국어,음식,음식,향토음식,외국어,,,,,일반,휴양 및 관광,홈페이지,일반,전화,아웃바운드,완료,20210910,9,Friday
2021-09-10,한국어,음식,음식,향토음식,외국어,식당,서귀포,표선,주소,일반,휴양 및 관광,홈페이지,일반,전화,아웃바운드,완료,20210910,9,Friday
2021-09-10,한국어,음식,음식,향토음식,판매,시트러스,양조장,판매처,,일반,휴양 및 관광,홈페이지,일반,전화,아웃바운드,완료,20210910,9,Friday
2021-09-10,한국어,음식,음식,향토음식,올레,판매,맥주,판매처,,일반,휴양 및 관광,홈페이지,일반,전화,아웃바운드,완료,20210910,9,Friday
2021-09-10,한국어,음식,음식,향토음식,이용,,,,,일반,휴양 및 관광,홈페이지,일반,전화,아웃바운드,완료,20210910,9,Friday
2021-09-10,한국어,음식,음식,한식,한라,이용시간,이용,,,일반,휴양 및 관광,홈페이지,일반,전화,아웃바운드,완료,20210910,9,Friday
2021-09-10,한국어,음식,음식,한식,휴무일,이용시간,이용,,,일반,휴양 및 관광,홈페이지,일반,전화,아웃바운드,완료,20210910,9,Friday
2021-09-10,한국어,음식,음식,향토음식,제주,이용,,,,일반,휴양 및 관광,홈페이지,일반,전화,아웃바운드,완료,20210910,9,Friday
2021-09-10,한국어,음식,음식,향토음식,해녀,식당,이용,,,일반,휴양 및 관광,홈페이지,일반,전화,아웃바운드,완료,20210910,9,Friday
2021-09-10,한국어,음식,음식,향토음식,이용,,,,,일반,휴양 및 관광,홈페이지,일반,전화,아웃바운드,완료,20210910,9,Friday
2021-09-10,한국어,음식,음식,향토음식,이용,,,,,일반,휴양 및 관광,홈페이지,일반,전화,아웃바운드,완료,20210910,9,Friday
2021-09-14,한국어,음식,음식,기타,외국어,이용시간,이용,,,일반,휴양 및 관광,홈페이지,일반,전화,아웃바운드,완료,20210914,9,Tuesday
2021-09-14,한국어,음식,음식,기타,외국어,이용시간,이용,재료소진,,일반,휴양 및 관광,홈페이지,일반,전화,아웃바운드,완료,20210914,9,Tuesday
2021-09-14,한국어,음식,음식,향토음식,이용,,,,,일반,휴양 및 관광,홈페이지,일반,전화,아웃바운드,완료,20210914,9,Tuesday
2021-09-16,한국어,음식,음식,향토음식,장애인,요금,식당,버스,,일반,휴양 및 관광,홈페이지,일반,전화,인바운드,완료,20210916,9,Thursday
2021-09-03,한국어,음식,음식,카페,동반,카페,이용시간,이용,,일반,휴양 및 관광,홈페이지,일반,전화,아웃바운드,완료,20210903,9,Friday
2021-09-10,한국어,음식,음식,향토음식,,,,,,일반,휴양 및 관광,홈페이지,일반,전화,아웃바운드,완료,20210910,9,Friday
2021-09-15,한국어,음식,음식,향토음식,외국어,이용,,,,일반,휴양 및 관광,홈페이지,일반,전화,아웃바운드,완료,20210915,9,Wednesday
2021-09-15,한국어,음식,음식,향토음식,외국어,제주,갈치,이용,,일반,휴양 및 관광,홈페이지,일반,전화,아웃바운드,완료,20210915,9,Wednesday
2021-09-20,한국어,음식,음식,한식,연락처,운영시간,1100,오름,유선,일반,휴양 및 관광,홈페이지,일반,전화,인바운드,완료,20210920,9,Monday
2021-09-24,한국어,음식,음식,한식,운영시간,식당,,,,일반,휴양 및 관광,홈페이지,일반,전화,아웃바운드,완료,20210924,9,Friday
2021-09-06,한국어,음식,음식,카페,동반,애견,방문,,,일반,휴양 및 관광,홈페이지,일반,전화,아웃바운드,완료,20210906,9,Monday
2021-09-07,한국어,음식,음식,향토음식,외국어,이용,,,,일반,휴양 및 관광,홈페이지,일반,전화,아웃바운드,완료,20210907,9,Tuesday
2021-09-07,한국어,음식,음식,향토음식,외국어,이용,가든,,,일반,휴양 및 관광,홈페이지,일반,전화,아웃바운드,완료,20210907,9,Tuesday
2021-09-21,한국어,음식,음식,향토음식,문자,제주도청,리스트,식당,음식점,일반,휴양 및 관광,홈페이지,일반,전화,인바운드,완료,20210921,9,Tuesday
2021-09-02,한국어,음식,음식,카페,,,,,,일반,휴양 및 관광,홈페이지,일반,전화,아웃바운드,완료,20210902,9,Thursday
2021-09-06,한국어,음식,음식,카페,동반,,,,,일반,휴양 및 관광,홈페이지,일반,전화,아웃바운드,완료,20210906,9,Monday
2021-09-10,한국어,음식,음식,한식,이용,,,,,일반,휴양 및 관광,홈페이지,일반,전화,아웃바운드,완료,20210910,9,Friday
2021-09-10,한국어,음식,음식,한식,이용시간,이용,,,,일반,휴양 및 관광,홈페이지,일반,전화,아웃바운드,완료,20210910,9,Friday
2021-09-10,한국어,음식,음식,한식,이용시간,이용,,,,일반,휴양 및 관광,홈페이지,일반,전화,아웃바운드,완료,20210910,9,Friday
2021-09-07,한국어,음식,음식,카페,이용시간,이용,올티스,,,일반,휴양 및 관광,홈페이지,일반,전화,아웃바운드,완료,20210907,9,Tuesday
2021-09-07,한국어,음식,음식,향토음식,토종닭,,,,,일반,휴양 및 관광,홈페이지,일반,전화,아웃바운드,완료,20210907,9,Tuesday
2021-09-07,한국어,음식,음식,향토음식,외국어,이용,,,,일반,휴양 및 관광,홈페이지,일반,전화,아웃바운드,완료,20210907,9,Tuesday
2021-09-08,한국어,음식,음식,향토음식,이용,,,,,일반,휴양 및 관광,홈페이지,일반,전화,아웃바운드,완료,20210908,9,Wednesday
2021-09-08,한국어,음식,음식,향토음식,운영시간,이용,,,,일반,휴양 및 관광,홈페이지,일반,전화,아웃바운드,완료,20210908,9,Wednesday
2021-09-08,한국어,음식,음식,향토음식,운영시간,함덕,이용,,,일반,휴양 및 관광,홈페이지,일반,전화,아웃바운드,완료,20210908,9,Wednesday
2021-09-07,한국어,음식,음식,향토음식,외국어,,,,,일반,휴양 및 관광,홈페이지,일반,전화,아웃바운드,완료,20210907,9,Tuesday
2021-09-09,한국어,음식,음식,향토음식,체험,제주,입점,,,일반,휴양 및 관광,홈페이지,일반,전화,아웃바운드,완료,20210909,9,Thursday
2021-09-24,한국어,음식,음식,한식,운영시간,식당,,,,일반,휴양 및 관광,홈페이지,일반,전화,아웃바운드,완료,20210924,9,Friday
2021-09-24,한국어,음식,음식,한식,운영시간,,,,,일반,휴양 및 관광,홈페이지,일반,전화,아웃바운드,완료,20210924,9,Friday
2021-09-03,한국어,음식,음식,카페,동반,식당,,,,일반,휴양 및 관광,홈페이지,일반,전화,아웃바운드,완료,20210903,9,Friday
2021-09-30,한국어,음식,음식,향토음식,제주,이용시간,이용,,,일반,휴양 및 관광,홈페이지,일반,전화,아웃바운드,완료,20211012,9,Thursday
2021-09-15,한국어,음식,음식,향토음식,외국어,제주,이용,,,일반,휴양 및 관광,홈페이지,일반,전화,아웃바운드,완료,20210915,9,Wednesday
2021-09-15,한국어,음식,음식,향토음식,외국어,해녀,이용,,,일반,휴양 및 관광,홈페이지,일반,전화,아웃바운드,완료,20210915,9,Wednesday
2021-09-10,한국어,음식,음식,향토음식,제주,판매,판매처,,,일반,휴양 및 관광,홈페이지,일반,전화,아웃바운드,완료,20210910,9,Friday
2021-09-10,한국어,음식,음식,향토음식,한라,이용,오메기떡,,,일반,휴양 및 관광,홈페이지,일반,전화,아웃바운드,완료,20210910,9,Friday
2021-09-10,한국어,음식,음식,향토음식,성산,,,,,일반,휴양 및 관광,홈페이지,일반,전화,아웃바운드,완료,20210910,9,Friday
2021-09-10,한국어,음식,음식,향토음식,이용,,,,,일반,휴양 및 관광,홈페이지,일반,전화,아웃바운드,완료,20210910,9,Friday
2021-09-10,한국어,음식,음식,향토음식,이용,,,,,일반,휴양 및 관광,홈페이지,일반,전화,아웃바운드,완료,20210910,9,Friday
2021-09-10,한국어,음식,음식,향토음식,이용,,,,,일반,휴양 및 관광,홈페이지,일반,전화,아웃바운드,완료,20210910,9,Friday
2021-09-10,한국어,음식,음식,향토음식,신라,중문,이용,,,일반,휴양 및 관광,홈페이지,일반,전화,아웃바운드,완료,20210910,9,Friday
2021-09-29,한국어,음식,음식,향토음식,운영시간,제주,이용,,,일반,휴양 및 관광,홈페이지,일반,전화,아웃바운드,완료,20210929,9,Wednesday
2021-09-14,한국어,음식,음식,기타,이용,,,,,일반,휴양 및 관광,홈페이지,일반,전화,아웃바운드,완료,20210914,9,Tuesday
2021-09-14,한국어,음식,음식,기타,이용,,,,,일반,휴양 및 관광,홈페이지,일반,전화,아웃바운드,완료,20210914,9,Tuesday
2021-09-15,한국어,음식,음식,향토음식,외국어,이용,,,,일반,휴양 및 관광,홈페이지,일반,전화,아웃바운드,완료,20210915,9,Wednesday
2021-09-16,한국어,음식,음식,향토음식,이용,,,,,일반,휴양 및 관광,홈페이지,일반,전화,아웃바운드,완료,20210916,9,Thursday
2021-09-07,한국어,음식,음식,카페,동반,이용시간,이용,케이지,,일반,휴양 및 관광,홈페이지,일반,전화,아웃바운드,완료,20210907,9,Tuesday
2021-09-08,한국어,음식,음식,향토음식,판매,방문,,,,일반,휴양 및 관광,홈페이지,일반,전화,아웃바운드,완료,20210908,9,Wednesday
2021-09-08,한국어,음식,음식,향토음식,휴무일,유선,이용,,,일반,휴양 및 관광,홈페이지,일반,전화,아웃바운드,완료,20210908,9,Wednesday
2021-09-09,한국어,음식,음식,향토음식,체험,제주,입점,,,일반,휴양 및 관광,홈페이지,일반,전화,아웃바운드,완료,20210909,9,Thursday
2021-09-10,한국어,음식,음식,향토음식,제주,판매,판매처,,,일반,휴양 및 관광,홈페이지,일반,전화,아웃바운드,완료,20210910,9,Friday
2021-09-10,한국어,음식,음식,양식,제주,이용,맥주,,,일반,휴양 및 관광,홈페이지,일반,전화,아웃바운드,완료,20210910,9,Friday
2021-09-11,한국어,음식,음식,향토음식,정방폭포,해녀,폭포,,,일반,휴양 및 관광,홈페이지,일반,전화,아웃바운드,완료,20210911,9,Saturday
2021-09-29,한국어,음식,음식,양식,양조장,,,,,일반,휴양 및 관광,홈페이지,일반,전화,아웃바운드,완료,20210929,9,Wednesday
2021-09-30,한국어,음식,음식,향토음식,이용시간,이용,,,,일반,휴양 및 관광,홈페이지,일반,전화,아웃바운드,완료,20210930,9,Thursday
2021-09-14,한국어,음식,음식,기타,이용시간,이용,,,,일반,휴양 및 관광,홈페이지,일반,전화,아웃바운드,완료,20211008,9,Tuesday
2021-09-03,한국어,음식,음식,카페,동반,카페,이용시간,이용,,일반,휴양 및 관광,홈페이지,일반,전화,아웃바운드,완료,20210903,9,Friday
2021-09-03,한국어,음식,음식,카페,동반,파라다이스,,,,일반,휴양 및 관광,홈페이지,일반,전화,아웃바운드,완료,20210903,9,Friday
2021-10-20,한국어,음식,음식,한식,식당,음식점,제주,,,일반,휴양 및 관광,홈페이지,일반,전화,인바운드,완료,20211020,10,Wednesday
2021-10-22,한국어,음식,음식,향토음식,제주,,,,,일반,휴양 및 관광,홈페이지,일반,전화,인바운드,완료,20211025,10,Friday
2021-10-20,한국어,음식,음식,향토음식,쇠소깍,식당,마을,이용,,일반,휴양 및 관광,홈페이지,일반,전화,인바운드,완료,20211020,10,Wednesday
2021-10-14,한국어,음식,음식,카페,커피,수목원,제주,,,일반,휴양 및 관광,홈페이지,일반,전화,아웃바운드,완료,20211014,10,Thursday
2021-10-11,한국어,음식,음식,향토음식,1100,유선,문자,식당,음식점,일반,휴양 및 관광,홈페이지,일반,전화,인바운드,완료,20211011,10,Monday
2021-10-09,한국어,음식,음식,한식,문자,식당,안전,안덕,음식점,일반,휴양 및 관광,홈페이지,일반,전화,인바운드,완료,20211009,10,Saturday
2021-10-03,한국어,음식,음식,향토음식,문자,식당,안전,대서,제주,일반,휴양 및 관광,홈페이지,일반,전화,인바운드,완료,20211003,10,Sunday
2021-10-23,한국어,음식,음식,카페,문자,서귀포,제주,돌하르방,주소,일반,휴양 및 관광,홈페이지,일반,전화,인바운드,완료,20211023,10,Saturday
2021-10-28,한국어,음식,음식,카페,애완동물,동반,휠체어,이용시간,이용,일반,휴양 및 관광,홈페이지,일반,전화,아웃바운드,완료,20211028,10,Thursday
2021-10-05,한국어,음식,음식,향토음식,외국인,이용,,,,일반,휴양 및 관광,홈페이지,일반,전화,아웃바운드,완료,20211005,10,Tuesday
2021-10-09,한국어,음식,음식,한식,사전예약,마라도,이중섭,미술관,식당,일반,휴양 및 관광,홈페이지,일반,전화,인바운드,완료,20211009,10,Saturday
2021-10-12,한국어,음식,음식,향토음식,이용요금,평화공원,이중섭,문화공원,천제연,일반,휴양 및 관광,홈페이지,일반,전화,인바운드,완료,20211012,10,Tuesday
2021-10-20,한국어,음식,음식,기타,문자,동문시장,제주,주소,관광정보,일반,휴양 및 관광,홈페이지,일반,전화,인바운드,완료,20211020,10,Wednesday
2021-10-20,한국어,음식,음식,향토음식,제주,,,,,일반,휴양 및 관광,홈페이지,일반,전화,인바운드,완료,20211020,10,Wednesday
2021-10-14,한국어,음식,음식,양식,이용요금,요금,이용,맥파이,맥파이브루어리,일반,휴양 및 관광,홈페이지,일반,전화,아웃바운드,완료,20211014,10,Thursday
2021-10-29,한국어,음식,음식,향토음식,용눈이,오름,비자림,유선,문자,일반,휴양 및 관광,지인,일반,전화,인바운드,완료,20211029,10,Friday
2021-10-19,한국어,음식,음식,향토음식,운영시간,산방산,유선,문자,식당,일반,휴양 및 관광,홈페이지,일반,전화,인바운드,완료,20211115,10,Tuesday
2021-10-26,한국어,음식,음식,한식,소요시간,연락처,자연휴양림,해녀,비자림,일반,휴양 및 관광,홈페이지,일반,전화,아웃바운드,완료,20211026,10,Tuesday
2021-10-26,한국어,음식,음식,카페,이용시간,이용,,,,일반,휴양 및 관광,홈페이지,일반,전화,아웃바운드,완료,20211026,10,Tuesday
2021-10-25,한국어,음식,음식,향토음식,연락처,온라인,제주,판매,판매처,일반,휴양 및 관광,홈페이지,일반,전화,아웃바운드,완료,20211101,10,Monday
2021-10-25,한국어,음식,음식,향토음식,온라인,판매,판매처,,,일반,휴양 및 관광,홈페이지,일반,전화,아웃바운드,완료,20211025,10,Monday
2021-10-27,한국어,음식,음식,일식,유선,문자,인터넷,한림,제주,일반,휴양 및 관광,홈페이지,일반,전화,인바운드,완료,20211027,10,Wednesday
2021-10-26,한국어,음식,음식,카페,이용시간,이용,,,,일반,휴양 및 관광,홈페이지,일반,전화,아웃바운드,완료,20211026,10,Tuesday
2021-10-26,한국어,음식,음식,카페,제주,이용,,,,일반,휴양 및 관광,홈페이지,일반,전화,아웃바운드,완료,20211026,10,Tuesday
2021-10-13,한국어,음식,음식,한식,운영시간,휴무일,문자,식당,안전,일반,휴양 및 관광,홈페이지,일반,전화,인바운드,완료,20211013,10,Wednesday
2021-10-30,한국어,음식,음식,향토음식,대정,음식점,세화,서귀포,제주,일반,휴양 및 관광,홈페이지,일반,전화,인바운드,완료,20211030,10,Saturday
2021-10-06,한국어,음식,음식,기타,운영시간,휴무일,환상숲곶자왈,비자림,성산,일반,휴양 및 관광,홈페이지,일반,전화,인바운드,완료,20211006,10,Wednesday
2021-10-14,한국어,음식,음식,양식,외국인,제주,맥주,,,일반,휴양 및 관광,홈페이지,일반,전화,아웃바운드,완료,20211014,10,Thursday
2021-10-22,한국어,음식,음식,한식,제주,갈치,맛집,흑돼지,,일반,휴양 및 관광,홈페이지,일반,전화,인바운드,완료,20211022,10,Friday
2021-10-25,한국어,음식,음식,향토음식,온라인,판매,판매처,버스,,일반,휴양 및 관광,홈페이지,일반,전화,인바운드,완료,20211025,10,Monday
2021-10-25,한국어,음식,음식,카페,관광진흥,제주,,,,일반,휴양 및 관광,홈페이지,일반,전화,아웃바운드,완료,20211025,10,Monday
2021-10-14,한국어,음식,음식,양식,양조장,,,,,일반,휴양 및 관광,홈페이지,일반,전화,아웃바운드,완료,20211014,10,Thursday
2021-11-10,한국어,음식,음식,향토음식,외국어,이용시간,이용,맛집,,일반,휴양 및 관광,홈페이지,일반,전화,아웃바운드,완료,20211110,11,Wednesday
2021-11-10,한국어,음식,음식,향토음식,외국어,식당,이용,,,일반,휴양 및 관광,홈페이지,일반,전화,아웃바운드,완료,20211110,11,Wednesday
2021-11-05,한국어,음식,음식,한식,외국어,해녀,식당,구좌,,일반,휴양 및 관광,홈페이지,일반,전화,아웃바운드,완료,20211105,11,Friday
2021-11-05,한국어,음식,음식,일식,외국어,안덕,음식점,서귀포,제주,일반,휴양 및 관광,홈페이지,일반,전화,아웃바운드,완료,20211105,11,Friday
2021-11-08,한국어,음식,음식,향토음식,외국어,이용시간,이용,가든,,일반,휴양 및 관광,홈페이지,일반,전화,아웃바운드,완료,20211108,11,Monday
2021-11-08,한국어,음식,음식,한식,사전예약,이용,주소,맛집,고을면,일반,휴양 및 관광,홈페이지,일반,전화,아웃바운드,완료,20211108,11,Monday
2021-11-08,한국어,음식,음식,한식,외국어,맛집,,,,일반,휴양 및 관광,홈페이지,일반,전화,아웃바운드,완료,20211108,11,Monday
2021-11-08,한국어,음식,음식,한식,외국어,이모,판매,,,일반,휴양 및 관광,홈페이지,일반,전화,아웃바운드,완료,20211108,11,Monday
2021-11-07,한국어,음식,음식,한식,문자,제주,버스,버스터미널,,일반,휴양 및 관광,홈페이지,일반,전화,인바운드,완료,20211107,11,Sunday
2021-11-07,한국어,음식,음식,한식,,,,,,일반,휴양 및 관광,홈페이지,일반,전화,아웃바운드,완료,20211107,11,Sunday
2021-11-07,한국어,음식,음식,한식,식당,,,,,일반,휴양 및 관광,홈페이지,일반,전화,아웃바운드,완료,20211107,11,Sunday
2021-11-08,한국어,음식,음식,한식,외국어,서귀포,제주,이용시간,이용,일반,휴양 및 관광,홈페이지,일반,전화,아웃바운드,완료,20211108,11,Monday
2021-11-04,한국어,음식,음식,한식,흑돼지,,,,,일반,휴양 및 관광,홈페이지,일반,전화,아웃바운드,완료,20211104,11,Thursday
2021-11-05,한국어,음식,음식,카페,카페,,,,,일반,휴양 및 관광,홈페이지,일반,전화,아웃바운드,완료,20211105,11,Friday
2021-11-12,한국어,음식,음식,한식,외국어,제주,이용시간,이용,주소,일반,휴양 및 관광,홈페이지,일반,전화,아웃바운드,완료,20211112,11,Friday
2021-11-03,한국어,음식,음식,카페,운영시간,카페,,,,일반,휴양 및 관광,홈페이지,일반,전화,아웃바운드,완료,20211103,11,Wednesday
2021-11-03,한국어,음식,음식,한식,운영시간,가든,,,,일반,휴양 및 관광,홈페이지,일반,전화,아웃바운드,완료,20211103,11,Wednesday
2021-11-03,한국어,음식,음식,한식,운영시간,해녀,식당,세화,판매,일반,휴양 및 관광,홈페이지,일반,전화,아웃바운드,완료,20211103,11,Wednesday
2021-11-03,한국어,음식,음식,한식,운영시간,해녀,유선,문자,식당,일반,휴양 및 관광,홈페이지,일반,전화,아웃바운드,완료,20211103,11,Wednesday
2021-11-16,한국어,음식,음식,한식,,,,,,일반,휴양 및 관광,홈페이지,일반,전화,아웃바운드,완료,20211116,11,Tuesday
2021-11-16,한국어,음식,음식,한식,가든,방문,,,,일반,휴양 및 관광,홈페이지,일반,전화,아웃바운드,완료,20211116,11,Tuesday
2021-11-03,한국어,음식,음식,한식,운영시간,식당,,,,일반,휴양 및 관광,홈페이지,일반,전화,아웃바운드,완료,20211103,11,Wednesday
2021-11-05,한국어,음식,음식,향토음식,외국어,안덕,음식점,서귀포,제주,일반,휴양 및 관광,홈페이지,일반,전화,아웃바운드,완료,20211105,11,Friday
2021-11-05,한국어,음식,음식,카페,운영시간,,,,,일반,휴양 및 관광,홈페이지,일반,전화,아웃바운드,완료,20211105,11,Friday
2021-11-10,한국어,음식,음식,향토음식,제주도청,음식점,제주,,,일반,휴양 및 관광,홈페이지,일반,전화,아웃바운드,완료,20211110,11,Wednesday
2021-11-11,한국어,음식,음식,한식,자연휴양림,절물자연휴양림,비자림,자연,절물자연,일반,휴양 및 관광,홈페이지,일반,전화,인바운드,완료,20211111,11,Thursday
2021-11-10,한국어,음식,음식,향토음식,외국어,마라도,이용,맛집,횟집,일반,휴양 및 관광,홈페이지,일반,전화,아웃바운드,완료,20211110,11,Wednesday
2021-11-10,한국어,음식,음식,한식,외국어,성산,이용,,,일반,휴양 및 관광,홈페이지,일반,전화,아웃바운드,완료,20211110,11,Wednesday
2021-11-16,한국어,음식,음식,한식,천지연,문자,식당,리조트,서귀포,일반,휴양 및 관광,홈페이지,일반,전화,인바운드,완료,20211116,11,Tuesday
2021-11-16,한국어,음식,음식,한식,천지연,식당,,,,일반,휴양 및 관광,홈페이지,일반,전화,아웃바운드,완료,20211116,11,Tuesday
2021-11-12,한국어,음식,음식,한식,외국어,제주,이용시간,이용,주소,일반,휴양 및 관광,홈페이지,일반,전화,아웃바운드,완료,20211112,11,Friday
2021-11-07,한국어,음식,음식,한식,,,,,,일반,휴양 및 관광,홈페이지,일반,전화,아웃바운드,완료,20211107,11,Sunday
2021-11-08,한국어,음식,음식,한식,외국어,쇠소깍,식당,서귀포,제주,일반,휴양 및 관광,홈페이지,일반,전화,아웃바운드,완료,20211108,11,Monday
2021-11-09,한국어,음식,음식,향토음식,외국어,중문,,,,일반,휴양 및 관광,홈페이지,일반,전화,아웃바운드,완료,20211109,11,Tuesday
2021-11-04,한국어,음식,음식,향토음식,외국어,이용요금,유선,요금,음식점,일반,휴양 및 관광,홈페이지,일반,전화,아웃바운드,완료,20211104,11,Thursday
2021-11-04,한국어,음식,음식,향토음식,외국어,이용요금,유선,요금,음식점,일반,휴양 및 관광,홈페이지,일반,전화,아웃바운드,완료,20211104,11,Thursday
2021-11-04,한국어,음식,음식,향토음식,마을,이용시간,이용,꿩마을,,일반,휴양 및 관광,홈페이지,일반,전화,아웃바운드,완료,20211104,11,Thursday
2021-11-04,한국어,음식,음식,향토음식,이용,사월의꿩,,,,일반,휴양 및 관광,홈페이지,일반,전화,아웃바운드,완료,20211104,11,Thursday
2021-11-04,한국어,음식,음식,향토음식,이용,꿩메밀,정의고을,,,일반,휴양 및 관광,홈페이지,일반,전화,아웃바운드,완료,20211104,11,Thursday
2021-11-03,한국어,음식,음식,한식,성산,유선,제주,,,일반,휴양 및 관광,홈페이지,일반,전화,아웃바운드,완료,20211103,11,Wednesday
2021-11-04,한국어,음식,음식,향토음식,외국어,이용요금,숲길,오름,사려니,일반,휴양 및 관광,홈페이지,일반,전화,아웃바운드,완료,20211104,11,Thursday
2021-11-04,한국어,음식,음식,한식,외국어,이용요금,유선,요금,음식점,일반,휴양 및 관광,홈페이지,일반,전화,아웃바운드,완료,20211104,11,Thursday
2021-11-03,한국어,음식,음식,한식,산책길,자연휴양림,오름,절물자연휴양림,수월봉,일반,휴양 및 관광,홈페이지,일반,전화,아웃바운드,완료,20211103,11,Wednesday
2021-11-03,한국어,음식,음식,향토음식,외국어,이용요금,유선,요금,서귀포,일반,휴양 및 관광,홈페이지,일반,전화,아웃바운드,완료,20211103,11,Wednesday
2021-11-03,한국어,음식,음식,향토음식,외국어,이용요금,유선,요금,함덕,일반,휴양 및 관광,홈페이지,일반,전화,아웃바운드,완료,20211103,11,Wednesday
2021-11-03,한국어,음식,음식,한식,외국어,이용요금,유선,요금,식당,일반,휴양 및 관광,홈페이지,일반,전화,아웃바운드,완료,20211103,11,Wednesday
2021-11-05,한국어,음식,음식,한식,외국어,세화,재료소진,,,일반,휴양 및 관광,홈페이지,일반,전화,아웃바운드,완료,20211105,11,Friday
2021-11-22,한국어,음식,음식,향토음식,정방폭포,해녀,폭포,매표소,판매,일반,휴양 및 관광,홈페이지,일반,전화,아웃바운드,완료,20211122,11,Monday
2021-11-04,한국어,음식,음식,한식,외국어,안덕,음식점,서귀포,제주,일반,휴양 및 관광,홈페이지,일반,전화,아웃바운드,완료,20211104,11,Thursday
2021-11-27,한국어,음식,음식,향토음식,해녀,도두,갈치,판매,,일반,휴양 및 관광,홈페이지,일반,전화,아웃바운드,완료,20211127,11,Saturday
2021-11-04,한국어,음식,음식,향토음식,외국어,이용요금,유선,요금,서귀포,일반,휴양 및 관광,홈페이지,일반,전화,아웃바운드,완료,20211104,11,Thursday
2021-11-02,한국어,음식,음식,한식,성판악,유선,식당,이용,,일반,휴양 및 관광,홈페이지,일반,전화,인바운드,완료,20211103,11,Tuesday
2021-11-03,한국어,음식,음식,카페,카페,이용,,,,일반,휴양 및 관광,홈페이지,일반,전화,아웃바운드,완료,20211103,11,Wednesday
2021-11-03,한국어,음식,음식,한식,음식점,중문,,,,일반,휴양 및 관광,홈페이지,일반,전화,아웃바운드,완료,20211103,11,Wednesday
2021-11-03,한국어,음식,음식,한식,운영시간,해녀,유선,문자,식당,일반,휴양 및 관광,홈페이지,일반,전화,인바운드,완료,20211103,11,Wednesday
2021-11-07,한국어,음식,음식,한식,식당,,,,,일반,휴양 및 관광,홈페이지,일반,전화,아웃바운드,완료,20211107,11,Sunday
2021-11-08,한국어,음식,음식,한식,식당,골목,제주,이용시간,이용,일반,휴양 및 관광,홈페이지,일반,전화,아웃바운드,완료,20211108,11,Monday
2021-11-08,한국어,음식,음식,한식,외국어,비자림,이용시간,이용,맛집,일반,휴양 및 관광,홈페이지,일반,전화,아웃바운드,완료,20211108,11,Monday
2021-11-08,한국어,음식,음식,한식,외국어,해녀,,,,일반,휴양 및 관광,홈페이지,일반,전화,아웃바운드,완료,20211108,11,Monday
2021-11-08,한국어,음식,음식,한식,식당,,,,,일반,휴양 및 관광,홈페이지,일반,전화,아웃바운드,완료,20211108,11,Monday
2021-11-19,한국어,음식,음식,카페,인원,체험,이용,올티스,,일반,휴양 및 관광,홈페이지,일반,전화,아웃바운드,완료,20211119,11,Friday
2021-11-04,한국어,음식,음식,한식,흑돼지,,,,,일반,휴양 및 관광,홈페이지,일반,전화,아웃바운드,완료,20211104,11,Thursday
2021-11-27,한국어,음식,음식,향토음식,문자,안전,도두,제주,갈치,일반,휴양 및 관광,홈페이지,일반,전화,인바운드,완료,20211127,11,Saturday
2021-11-08,한국어,음식,음식,한식,외국어,서귀포,제주,이용시간,이용,일반,휴양 및 관광,홈페이지,일반,전화,아웃바운드,완료,20211108,11,Monday
2021-11-25,한국어,음식,음식,한식,문자,한라산,한라,제주,주소,일반,휴양 및 관광,홈페이지,일반,전화,인바운드,완료,20211125,11,Thursday
2021-11-27,한국어,음식,음식,향토음식,갈치,판매,,,,일반,휴양 및 관광,홈페이지,일반,전화,아웃바운드,완료,20211127,11,Saturday
2021-11-27,한국어,음식,음식,향토음식,갈치,판매,횟집,,,일반,휴양 및 관광,홈페이지,일반,전화,아웃바운드,완료,20211127,11,Saturday
2021-11-01,한국어,음식,음식,한식,문자,중문,제주,관광정보,,일반,휴양 및 관광,홈페이지,일반,전화,인바운드,완료,20211101,11,Monday
2021-11-05,한국어,음식,음식,향토음식,성산,문자,숙소,식당,안전,일반,휴양 및 관광,홈페이지,일반,전화,인바운드,완료,20211105,11,Friday
2021-11-12,한국어,음식,음식,한식,,,,,,일반,휴양 및 관광,홈페이지,일반,전화,아웃바운드,완료,20211112,11,Friday
2021-11-10,한국어,음식,음식,향토음식,외국어,이용시간,이용,횟집,,일반,휴양 및 관광,홈페이지,일반,전화,아웃바운드,완료,20211110,11,Wednesday
2021-11-10,한국어,음식,음식,향토음식,외국어,식당,이용,,,일반,휴양 및 관광,홈페이지,일반,전화,아웃바운드,완료,20211110,11,Wednesday
2021-11-10,한국어,음식,음식,향토음식,외국어,이용시간,이용,맛집,,일반,휴양 및 관광,홈페이지,일반,전화,아웃바운드,완료,20211110,11,Wednesday
2021-11-10,한국어,음식,음식,향토음식,이용,,,,,일반,휴양 및 관광,홈페이지,일반,전화,아웃바운드,완료,20211110,11,Wednesday
2021-11-10,한국어,음식,음식,향토음식,제주도청,음식점,제주,,,일반,휴양 및 관광,홈페이지,일반,전화,아웃바운드,완료,20211110,11,Wednesday
2021-11-12,한국어,음식,음식,향토음식,식당,이용,,,,일반,휴양 및 관광,홈페이지,일반,전화,아웃바운드,완료,20211112,11,Friday
2021-11-27,한국어,음식,음식,향토음식,연락처,문자,안전,인터넷,제주,일반,휴양 및 관광,홈페이지,일반,전화,인바운드,완료,20211127,11,Saturday
2021-11-09,한국어,음식,음식,한식,천제연,음식점,서귀포,중문,제주,일반,휴양 및 관광,홈페이지,일반,전화,아웃바운드,완료,20211109,11,Tuesday
2021-11-08,한국어,음식,음식,한식,성산,,,,,일반,휴양 및 관광,홈페이지,일반,전화,아웃바운드,완료,20211108,11,Monday
2021-11-08,한국어,음식,음식,한식,성산,제주,,,,일반,휴양 및 관광,홈페이지,일반,전화,아웃바운드,완료,20211108,11,Monday
2021-11-08,한국어,음식,음식,한식,이용시간,이용,주소,맛집,,일반,휴양 및 관광,홈페이지,일반,전화,아웃바운드,완료,20211108,11,Monday
2021-11-09,한국어,음식,음식,향토음식,외국어,,,,,일반,휴양 및 관광,홈페이지,일반,전화,아웃바운드,완료,20211109,11,Tuesday
2021-11-11,한국어,음식,음식,향토음식,연락처,올레,올레시장,,,일반,휴양 및 관광,홈페이지,일반,전화,인바운드,완료,20211111,11,Thursday
2021-11-12,한국어,음식,음식,향토음식,운영시간,휴무일,마라도,성산,자연,일반,휴양 및 관광,홈페이지,일반,전화,인바운드,완료,20211115,11,Friday
2021-11-12,한국어,음식,음식,카페,연락처,문자,안전,해수,함덕,일반,휴양 및 관광,홈페이지,일반,전화,인바운드,완료,20211112,11,Friday
2021-11-12,한국어,음식,음식,향토음식,외국어,식당,자리돔,이용,,일반,휴양 및 관광,홈페이지,일반,전화,아웃바운드,완료,20211112,11,Friday
2021-11-12,한국어,음식,음식,향토음식,외국어,식당,이용시간,이용,,일반,휴양 및 관광,홈페이지,일반,전화,아웃바운드,완료,20211112,11,Friday
2021-11-07,한국어,음식,음식,한식,,,,,,일반,휴양 및 관광,홈페이지,일반,전화,아웃바운드,완료,20211107,11,Sunday
2021-11-09,한국어,음식,음식,향토음식,외국어,,,,,일반,휴양 및 관광,홈페이지,일반,전화,아웃바운드,완료,20211109,11,Tuesday
2021-11-08,한국어,음식,음식,향토음식,개장,제주,고사리,문의처,,일반,휴양 및 관광,114,일반,전화,인바운드,완료,20211108,11,Monday
2021-11-08,한국어,음식,음식,한식,식당,골목,이용,맛집,골목식당,일반,휴양 및 관광,홈페이지,일반,전화,아웃바운드,완료,20211108,11,Monday
2021-11-08,한국어,음식,음식,한식,이용,맛집,토종닭,황금토종닭,,일반,휴양 및 관광,홈페이지,일반,전화,아웃바운드,완료,20211108,11,Monday
2021-11-27,한국어,음식,음식,향토음식,갈치,판매,횟집,,,일반,휴양 및 관광,홈페이지,일반,전화,아웃바운드,완료,20211127,11,Saturday
2021-11-27,한국어,음식,음식,향토음식,갈치,판매,횟집,,,일반,휴양 및 관광,홈페이지,일반,전화,아웃바운드,완료,20211127,11,Saturday
2021-11-21,한국어,음식,음식,한식,오름,문자,식당,음식점,인터넷,일반,휴양 및 관광,홈페이지,일반,전화,인바운드,완료,20211121,11,Sunday
2021-11-22,한국어,음식,음식,향토음식,해녀,매표소,판매,주상절리,,일반,휴양 및 관광,홈페이지,일반,전화,아웃바운드,완료,20211122,11,Monday
2021-11-23,한국어,음식,음식,카페,,,,,,일반,휴양 및 관광,홈페이지,일반,전화,아웃바운드,완료,20211123,11,Tuesday
2021-11-29,한국어,음식,음식,향토음식,운영시간,1100,유선,문자,안전,일반,휴양 및 관광,홈페이지,일반,전화,인바운드,완료,20211129,11,Monday
2021-11-28,한국어,음식,음식,향토음식,유선,문자,음식점,서귀포,중문,일반,휴양 및 관광,홈페이지,일반,전화,인바운드,완료,20211128,11,Sunday
2021-11-27,한국어,음식,음식,향토음식,문자,음식점,인터넷,제주,갈치,일반,휴양 및 관광,홈페이지,일반,전화,인바운드,완료,20211127,11,Saturday
2021-11-21,한국어,음식,음식,한식,오름,문자,식당,음식점,인터넷,일반,휴양 및 관광,홈페이지,일반,전화,아웃바운드,완료,20211121,11,Sunday
2021-11-22,한국어,음식,음식,한식,유선,문자,식당,안전,제주,일반,휴양 및 관광,홈페이지,일반,전화,인바운드,완료,20211122,11,Monday
2021-12-14,한국어,음식,음식,동남아식,,,,,,일반,휴양 및 관광,홈페이지,일반,전화,아웃바운드,완료,20211214,12,Tuesday
2021-12-14,한국어,음식,음식,동남아식,,,,,,일반,휴양 및 관광,홈페이지,일반,전화,아웃바운드,완료,20211214,12,Tuesday
2021-12-17,한국어,음식,음식,카페,호텔,부영,리조트,카페,,일반,휴양 및 관광,홈페이지,일반,전화,인바운드,완료,20211217,12,Friday
2021-12-21,한국어,음식,음식,카페,,,,,,일반,휴양 및 관광,홈페이지,일반,전화,아웃바운드,완료,20211221,12,Tuesday
2021-12-21,한국어,음식,음식,카페,호텔,,,,,일반,휴양 및 관광,홈페이지,일반,전화,아웃바운드,완료,20211221,12,Tuesday
2021-12-22,한국어,음식,음식,카페,애견,카페,이용,,,일반,휴양 및 관광,홈페이지,일반,전화,아웃바운드,완료,20211222,12,Wednesday
2021-12-20,한국어,음식,음식,한식,외국어,,,,,일반,휴양 및 관광,홈페이지,일반,전화,아웃바운드,완료,20211229,12,Monday
2021-12-30,한국어,음식,음식,한식,성산,일출봉,문자,인터넷,제주,일반,휴양 및 관광,홈페이지,일반,전화,인바운드,완료,20211230,12,Thursday
2021-12-15,한국어,음식,음식,한식,외국어,식당,재료소진,,,일반,휴양 및 관광,홈페이지,일반,전화,아웃바운드,완료,20211215,12,Wednesday
2021-12-16,한국어,음식,음식,한식,식당,보성,,,,통화중단,휴양 및 관광,홈페이지,일반,전화,아웃바운드,완료,20211216,12,Thursday
2021-12-07,한국어,음식,음식,한식,문자,식당,안전,제주,맛집,일반,휴양 및 관광,홈페이지,일반,전화,인바운드,완료,20211207,12,Tuesday
2021-12-02,한국어,음식,음식,한식,1100,고지,마라도,천제연,유선,일반,휴양 및 관광,홈페이지,일반,전화,아웃바운드,완료,20211202,12,Thursday
2021-12-02,한국어,음식,음식,한식,1100,고지,마라도,천제연,유선,일반,휴양 및 관광,홈페이지,일반,전화,인바운드,완료,20211202,12,Thursday
2021-12-21,한국어,음식,음식,한식,용두암,문자,도두,인터넷,제주,일반,휴양 및 관광,홈페이지,일반,전화,인바운드,완료,20211221,12,Tuesday
2021-12-09,한국어,음식,음식,한식,박물관,식당,항공우주,안덕,모슬포,일반,휴양 및 관광,홈페이지,일반,전화,인바운드,완료,20211209,12,Thursday
2021-12-15,한국어,음식,음식,한식,외국어,,,,,일반,휴양 및 관광,홈페이지,일반,전화,아웃바운드,완료,20211215,12,Wednesday
2021-12-07,한국어,음식,음식,한식,문자,식당,안전,대정,서귀포,일반,휴양 및 관광,홈페이지,일반,전화,인바운드,완료,20211207,12,Tuesday
2021-12-09,한국어,음식,음식,한식,서귀포,올레,횟집,올레시장,,일반,휴양 및 관광,홈페이지,일반,전화,인바운드,완료,20211209,12,Thursday
2021-12-14,한국어,음식,음식,한식,해녀,문자,도두,시내,제주,일반,휴양 및 관광,홈페이지,일반,전화,인바운드,완료,20211214,12,Tuesday
2021-12-30,한국어,음식,음식,향토음식,외국어,운영시간,해녀,,,일반,휴양 및 관광,홈페이지,일반,전화,아웃바운드,완료,20211230,12,Thursday
2021-12-30,한국어,음식,음식,향토음식,외국어,운영시간,,,,일반,휴양 및 관광,홈페이지,일반,전화,아웃바운드,완료,20211230,12,Thursday
2021-12-28,한국어,음식,음식,향토음식,,,,,,일반,휴양 및 관광,홈페이지,일반,전화,아웃바운드,완료,20211228,12,Tuesday
2021-12-09,한국어,음식,음식,향토음식,음식점,,,,,일반,휴양 및 관광,홈페이지,일반,전화,아웃바운드,완료,20211209,12,Thursday
2021-12-09,한국어,음식,음식,향토음식,,,,,,일반,휴양 및 관광,홈페이지,일반,전화,아웃바운드,완료,20211209,12,Thursday
2021-12-30,한국어,음식,음식,향토음식,외국어,운영시간,,,,일반,휴양 및 관광,홈페이지,일반,전화,아웃바운드,완료,20211230,12,Thursday
2021-12-01,한국어,음식,음식,향토음식,성산,유선,문자,코지,서귀포,일반,휴양 및 관광,홈페이지,일반,전화,인바운드,완료,20211201,12,Wednesday
2021-12-09,한국어,음식,음식,향토음식,운영시간,,,,,일반,휴양 및 관광,홈페이지,일반,전화,아웃바운드,완료,20211209,12,Thursday
2021-12-09,한국어,음식,음식,향토음식,운영시간,,,,,일반,휴양 및 관광,홈페이지,일반,전화,아웃바운드,완료,20211209,12,Thursday
2021-12-10,한국어,음식,음식,향토음식,음식점,서귀포,갈치,,,일반,휴양 및 관광,홈페이지,일반,전화,인바운드,완료,20211210,12,Friday
2021-12-28,한국어,음식,음식,향토음식,외국어,이용요금,요금,제주,구좌,일반,휴양 및 관광,홈페이지,일반,전화,아웃바운드,완료,20211228,12,Tuesday
2021-12-05,한국어,음식,음식,향토음식,비자림,문자,식당,골목,제주,일반,휴양 및 관광,홈페이지,일반,전화,인바운드,완료,20211205,12,Sunday
2021-12-22,한국어,음식,음식,향토음식,천제연,문자,인터넷,서귀포,중문,일반,휴양 및 관광,홈페이지,일반,전화,인바운드,완료,20211222,12,Wednesday
2021-12-17,영어,음식,음식,기타,문자,호텔,방문,,,일반,휴양 및 관광,홈페이지,일반,전화,인바운드,완료,20211217,12,Friday
2021-12-17,영어,음식,음식,기타,문자,호텔,방문,,,일반,휴양 및 관광,홈페이지,일반,전화,인바운드,완료,20211217,12,Friday
2022-01-03,한국어,음식,음식,향토음식,운영시간,,,,,일반,휴양 및 관광,홈페이지,일반,전화,아웃바운드,완료,20220103,1,Monday
2022-01-07,한국어,음식,음식,향토음식,문자,식당,안전,대정,서귀포,일반,휴양 및 관광,홈페이지,일반,전화,인바운드,완료,20220107,1,Friday
2022-01-07,한국어,음식,음식,향토음식,천제연,문자,숙소,호텔,식당,일반,휴양 및 관광,홈페이지,일반,전화,인바운드,완료,20220107,1,Friday
2022-01-08,한국어,음식,음식,향토음식,산방산,유선,문자,숙소,식당,일반,휴양 및 관광,홈페이지,일반,전화,인바운드,완료,20220108,1,Saturday
2022-01-10,한국어,음식,음식,한식,운영시간,식당,성읍,,,일반,휴양 및 관광,홈페이지,일반,전화,아웃바운드,완료,20220110,1,Monday
2022-01-10,한국어,음식,음식,한식,운영시간,식당,한라,,,일반,휴양 및 관광,홈페이지,일반,전화,아웃바운드,완료,20220110,1,Monday
2022-01-10,한국어,음식,음식,한식,운영시간,식당,,,,일반,휴양 및 관광,홈페이지,일반,전화,아웃바운드,완료,20220110,1,Monday
2022-01-10,한국어,음식,음식,한식,,,,,,일반,휴양 및 관광,홈페이지,일반,전화,아웃바운드,완료,20220110,1,Monday
2022-01-10,한국어,음식,음식,한식,이용,가든,,,,일반,휴양 및 관광,홈페이지,일반,전화,아웃바운드,완료,20220110,1,Monday
2022-01-10,한국어,음식,음식,한식,운영시간,식당,,,,일반,휴양 및 관광,홈페이지,일반,전화,아웃바운드,완료,20220110,1,Monday
2022-01-10,한국어,음식,음식,한식,,,,,,일반,휴양 및 관광,홈페이지,일반,전화,아웃바운드,완료,20220110,1,Monday
2022-01-10,한국어,음식,음식,한식,인원,한라수목원,수목원,한라,,일반,휴양 및 관광,홈페이지,일반,전화,아웃바운드,완료,20220110,1,Monday
2022-01-10,한국어,음식,음식,한식,사전예약,운영시간,식당,,,일반,휴양 및 관광,홈페이지,일반,전화,아웃바운드,완료,20220110,1,Monday
2022-01-10,한국어,음식,음식,한식,운영시간,가든,,,,일반,휴양 및 관광,홈페이지,일반,전화,아웃바운드,완료,20220110,1,Monday
2022-01-10,한국어,음식,음식,한식,운영시간,식당,,,,일반,휴양 및 관광,홈페이지,일반,전화,아웃바운드,완료,20220110,1,Monday
2022-01-10,한국어,음식,음식,한식,사전예약,운영시간,,,,일반,휴양 및 관광,홈페이지,일반,전화,아웃바운드,완료,20220110,1,Monday
2022-01-10,한국어,음식,음식,한식,인원,식당,,,,일반,휴양 및 관광,홈페이지,일반,전화,아웃바운드,완료,20220110,1,Monday
2022-01-10,한국어,음식,음식,한식,인원,우도,식당,,,일반,휴양 및 관광,홈페이지,일반,전화,아웃바운드,완료,20220110,1,Monday
2022-01-10,한국어,음식,음식,한식,식당,,,,,일반,휴양 및 관광,홈페이지,일반,전화,아웃바운드,완료,20220110,1,Monday
2022-01-10,한국어,음식,음식,한식,,,,,,일반,휴양 및 관광,홈페이지,일반,전화,아웃바운드,완료,20220110,1,Monday
2022-01-10,한국어,음식,음식,한식,식당,한라,,,,일반,휴양 및 관광,홈페이지,일반,전화,아웃바운드,완료,20220110,1,Monday
2022-01-10,한국어,음식,음식,한식,인원,식당,정원,힐링,갈치,일반,휴양 및 관광,홈페이지,일반,전화,아웃바운드,완료,20220110,1,Monday
2022-01-10,한국어,음식,음식,한식,,,,,,일반,휴양 및 관광,홈페이지,일반,전화,아웃바운드,완료,20220110,1,Monday
2022-01-12,한국어,음식,음식,한식,외국어,연락처,온라인,이용,,일반,휴양 및 관광,홈페이지,일반,전화,아웃바운드,완료,20220114,1,Wednesday
2022-01-12,한국어,음식,음식,한식,운영시간,휴무일,문자,호텔,식당,일반,휴양 및 관광,홈페이지,일반,전화,인바운드,완료,20220112,1,Wednesday
2022-01-12,한국어,음식,음식,한식,이용,,,,,일반,휴양 및 관광,홈페이지,일반,전화,아웃바운드,완료,20220112,1,Wednesday
2022-01-13,한국어,음식,음식,한식,운영시간,방문,,,,일반,휴양 및 관광,홈페이지,일반,전화,아웃바운드,완료,20220113,1,Thursday
2022-01-13,한국어,음식,음식,한식,사전예약,운영시간,공지,,,일반,휴양 및 관광,홈페이지,일반,전화,아웃바운드,완료,20220113,1,Thursday
2022-01-13,한국어,음식,음식,한식,운영시간,방문,,,,일반,휴양 및 관광,홈페이지,일반,전화,아웃바운드,완료,20220113,1,Thursday
2022-01-13,한국어,음식,음식,한식,운영시간,카페,,,,일반,휴양 및 관광,홈페이지,일반,전화,아웃바운드,완료,20220113,1,Thursday
2022-01-13,한국어,음식,음식,한식,유선,,,,,일반,휴양 및 관광,홈페이지,일반,전화,아웃바운드,완료,20220113,1,Thursday
2022-01-13,한국어,음식,음식,한식,식당,맑은,,,,일반,휴양 및 관광,홈페이지,일반,전화,아웃바운드,완료,20220113,1,Thursday
2022-01-13,한국어,음식,음식,한식,박물관,식당,항공우주,,,일반,휴양 및 관광,홈페이지,일반,전화,아웃바운드,완료,20220113,1,Thursday
2022-01-13,한국어,음식,음식,한식,,,,,,일반,휴양 및 관광,홈페이지,일반,전화,아웃바운드,완료,20220113,1,Thursday
2022-01-13,한국어,음식,음식,한식,식당,한라,표선,,,일반,휴양 및 관광,홈페이지,일반,전화,아웃바운드,완료,20220113,1,Thursday
2022-01-13,한국어,음식,음식,한식,카페,,,,,일반,휴양 및 관광,홈페이지,일반,전화,아웃바운드,완료,20220113,1,Thursday
2022-01-13,한국어,음식,음식,한식,,,,,,일반,휴양 및 관광,홈페이지,일반,전화,아웃바운드,완료,20220113,1,Thursday
2022-01-13,한국어,음식,음식,한식,,,,,,일반,휴양 및 관광,홈페이지,일반,전화,아웃바운드,완료,20220113,1,Thursday
2022-01-14,한국어,음식,음식,향토음식,,,,,,일반,휴양 및 관광,홈페이지,일반,전화,아웃바운드,완료,20220114,1,Friday
2022-01-17,한국어,음식,음식,한식,식당,한라,가든,,,일반,휴양 및 관광,홈페이지,일반,전화,아웃바운드,완료,20220117,1,Monday
2022-01-19,한국어,음식,음식,카페,이용,,,,,일반,휴양 및 관광,홈페이지,일반,전화,아웃바운드,완료,20220119,1,Wednesday
2022-01-19,한국어,음식,음식,향토음식,모슬포,제주,갈치,모슬포항,,일반,휴양 및 관광,홈페이지,일반,전화,인바운드,완료,20220119,1,Wednesday
2022-01-24,한국어,음식,음식,한식,운영시간,천제연폭포,천제연,폭포,문자,일반,휴양 및 관광,홈페이지,일반,전화,인바운드,완료,20220124,1,Monday
2022-01-25,한국어,음식,음식,향토음식,유선,문자,식당,시내,제주,일반,휴양 및 관광,홈페이지,일반,전화,인바운드,완료,20220125,1,Tuesday
2022-01-26,한국어,음식,음식,향토음식,유선,문자,식당,안전,제주,일반,휴양 및 관광,홈페이지,일반,전화,인바운드,완료,20220126,1,Wednesday
2022-02-02,한국어,음식,음식,카페,카페,,,,,일반,휴양 및 관광,홈페이지,일반,전화,인바운드,완료,20220202,2,Wednesday
2022-02-02,한국어,음식,음식,카페,연락처,카페,,,,일반,휴양 및 관광,홈페이지,일반,전화,아웃바운드,완료,20220202,2,Wednesday
2022-02-03,한국어,음식,음식,향토음식,연락처,해녀,산방산,매표소,유선,일반,휴양 및 관광,홈페이지,일반,전화,인바운드,완료,20220203,2,Thursday
2022-02-04,한국어,음식,음식,향토음식,해녀,김녕,이용시간,이용,김녕해녀촌,일반,휴양 및 관광,홈페이지,일반,전화,아웃바운드,완료,20220204,2,Friday
2022-02-04,한국어,음식,음식,향토음식,해녀,도두,이용시간,이용,도두해녀의집,일반,휴양 및 관광,홈페이지,일반,전화,아웃바운드,완료,20220204,2,Friday
2022-02-04,한국어,음식,음식,향토음식,해녀,이용,해녀촌,,,일반,휴양 및 관광,홈페이지,일반,전화,아웃바운드,완료,20220204,2,Friday
2022-02-04,한국어,음식,음식,향토음식,해녀,이용,해녀촌,민경이네,,일반,휴양 및 관광,홈페이지,일반,전화,아웃바운드,완료,20220204,2,Friday
2022-02-07,한국어,음식,음식,카페,체험,커피,수목원,제주,,일반,휴양 및 관광,홈페이지,일반,전화,아웃바운드,완료,20220207,2,Monday
2022-02-07,한국어,음식,음식,향토음식,이용,,,,,일반,휴양 및 관광,홈페이지,일반,전화,아웃바운드,완료,20220207,2,Monday
2022-02-07,한국어,음식,음식,향토음식,이용,,,,,일반,휴양 및 관광,홈페이지,일반,전화,아웃바운드,완료,20220207,2,Monday
2022-02-07,한국어,음식,음식,향토음식,이용,,,,,일반,휴양 및 관광,홈페이지,일반,전화,아웃바운드,완료,20220207,2,Monday
2022-02-07,한국어,음식,음식,향토음식,이용,,,,,일반,휴양 및 관광,홈페이지,일반,전화,아웃바운드,완료,20220207,2,Monday
2022-02-08,한국어,음식,음식,향토음식,연락처,신라,중문,이용,,일반,휴양 및 관광,홈페이지,일반,전화,아웃바운드,완료,20220208,2,Tuesday
2022-02-08,한국어,음식,음식,향토음식,해녀,이용,해녀의집,강정,,일반,휴양 및 관광,홈페이지,일반,전화,아웃바운드,완료,20220208,2,Tuesday
2022-02-08,한국어,음식,음식,향토음식,해녀,이용,해녀의집,오조해녀의집,,일반,휴양 및 관광,홈페이지,일반,전화,아웃바운드,완료,20220208,2,Tuesday
2022-02-08,한국어,음식,음식,향토음식,해녀,이용,해녀의집,,,일반,휴양 및 관광,홈페이지,일반,전화,아웃바운드,완료,20220208,2,Tuesday
2022-02-08,한국어,음식,음식,향토음식,해녀,코지,이용,해녀의집,섭지,일반,휴양 및 관광,홈페이지,일반,전화,아웃바운드,완료,20220208,2,Tuesday
2022-02-08,한국어,음식,음식,향토음식,해녀,우도,이용,해녀의집,물꼬해녀의집,일반,휴양 및 관광,홈페이지,일반,전화,아웃바운드,완료,20220208,2,Tuesday
2022-02-08,한국어,음식,음식,향토음식,해녀,매표소,판매,용머리해안,,일반,휴양 및 관광,홈페이지,일반,전화,아웃바운드,완료,20220208,2,Tuesday
2022-02-08,한국어,음식,음식,향토음식,해녀,용두암,,,,일반,휴양 및 관광,홈페이지,일반,전화,아웃바운드,완료,20220208,2,Tuesday
2022-02-08,한국어,음식,음식,향토음식,해녀,이용,해녀의집,시흥리,,일반,휴양 및 관광,홈페이지,일반,전화,아웃바운드,완료,20220208,2,Tuesday
2022-02-09,한국어,음식,음식,향토음식,함덕,이용,,,,일반,휴양 및 관광,홈페이지,일반,전화,아웃바운드,완료,20220209,2,Wednesday
2022-02-09,한국어,음식,음식,향토음식,이용,가든,,,,일반,휴양 및 관광,홈페이지,일반,전화,아웃바운드,완료,20220209,2,Wednesday
2022-02-09,한국어,음식,음식,향토음식,이용,횟집,,,,일반,휴양 및 관광,홈페이지,일반,전화,아웃바운드,완료,20220209,2,Wednesday
2022-02-09,한국어,음식,음식,향토음식,이용,가든,,,,일반,휴양 및 관광,홈페이지,일반,전화,아웃바운드,완료,20220209,2,Wednesday
2022-02-09,한국어,음식,음식,향토음식,이용,,,,,일반,휴양 및 관광,홈페이지,일반,전화,아웃바운드,완료,20220209,2,Wednesday
2022-02-09,한국어,음식,음식,향토음식,이용시간,이용,,,,일반,휴양 및 관광,홈페이지,일반,전화,아웃바운드,완료,20220209,2,Wednesday
2022-02-09,한국어,음식,음식,향토음식,이용,,,,,일반,휴양 및 관광,홈페이지,일반,전화,아웃바운드,완료,20220209,2,Wednesday
2022-02-09,한국어,음식,음식,한식,이용시간,이용,,,,일반,휴양 및 관광,홈페이지,일반,전화,아웃바운드,완료,20220209,2,Wednesday
2022-02-09,한국어,음식,음식,향토음식,이용,횟집,,,,일반,휴양 및 관광,홈페이지,일반,전화,아웃바운드,완료,20220209,2,Wednesday
2022-02-09,한국어,음식,음식,한식,식당,이용,,,,일반,휴양 및 관광,홈페이지,일반,전화,아웃바운드,완료,20220209,2,Wednesday
2022-02-09,한국어,음식,음식,한식,외국어,연락처,성산,일출봉,이용시간,일반,휴양 및 관광,홈페이지,일반,전화,아웃바운드,완료,20220209,2,Wednesday
2022-02-10,한국어,음식,음식,향토음식,해녀,성산,유선,해녀의집,어촌계,일반,휴양 및 관광,홈페이지,일반,전화,아웃바운드,완료,20220210,2,Thursday
2022-02-10,한국어,음식,음식,향토음식,해녀,이용,해녀의집,협재해녀의집,,일반,휴양 및 관광,홈페이지,일반,전화,아웃바운드,완료,20220210,2,Thursday
2022-02-10,한국어,음식,음식,한식,,,,,,일반,휴양 및 관광,홈페이지,일반,전화,아웃바운드,완료,20220210,2,Thursday
2022-02-10,한국어,음식,음식,한식,,,,,,일반,휴양 및 관광,홈페이지,일반,전화,아웃바운드,완료,20220210,2,Thursday
2022-02-10,한국어,음식,음식,한식,가든,,,,,일반,휴양 및 관광,홈페이지,일반,전화,아웃바운드,완료,20220210,2,Thursday
2022-02-10,한국어,음식,음식,향토음식,운영시간,해녀,해녀의집,,,일반,휴양 및 관광,홈페이지,일반,전화,아웃바운드,완료,20220210,2,Thursday
2022-02-10,한국어,음식,음식,한식,가격,,,,,일반,휴양 및 관광,홈페이지,일반,전화,아웃바운드,완료,20220210,2,Thursday
2022-02-10,한국어,음식,음식,한식,제주,,,,,일반,휴양 및 관광,홈페이지,일반,전화,아웃바운드,완료,20220210,2,Thursday
2022-02-10,한국어,음식,음식,향토음식,해녀,이용,가파도,해녀촌,,일반,휴양 및 관광,홈페이지,일반,전화,아웃바운드,완료,20220210,2,Thursday
2022-02-10,한국어,음식,음식,한식,식당,,,,,일반,휴양 및 관광,홈페이지,일반,전화,인바운드,완료,20220210,2,Thursday
2022-02-10,한국어,음식,음식,향토음식,해녀,중문,이용,해녀의집,,일반,휴양 및 관광,홈페이지,일반,전화,아웃바운드,완료,20220210,2,Thursday
2022-02-10,한국어,음식,음식,기타,산방산,식당,송악산,,,일반,휴양 및 관광,홈페이지,일반,전화,인바운드,완료,20220210,2,Thursday
2022-02-11,한국어,음식,음식,향토음식,이용시간,이용,,,,일반,휴양 및 관광,홈페이지,일반,전화,아웃바운드,완료,20220211,2,Friday
2022-02-11,한국어,음식,음식,향토음식,제주,이용,횟집,,,일반,휴양 및 관광,홈페이지,일반,전화,아웃바운드,완료,20220211,2,Friday
2022-02-14,한국어,음식,음식,향토음식,연락처,해녀,매표소,문자,모슬포,일반,휴양 및 관광,홈페이지,일반,전화,인바운드,완료,20220214,2,Monday
2022-02-15,한국어,음식,음식,한식,횟집,,,,,일반,휴양 및 관광,홈페이지,일반,전화,아웃바운드,완료,20220215,2,Tuesday
2022-02-15,한국어,음식,음식,한식,해녀,해녀촌,촌촌해녀촌,,,일반,휴양 및 관광,홈페이지,일반,전화,아웃바운드,완료,20220215,2,Tuesday
2022-02-15,한국어,음식,음식,한식,,,,,,일반,휴양 및 관광,홈페이지,일반,전화,아웃바운드,완료,20220215,2,Tuesday
2022-02-15,한국어,음식,음식,한식,횟집,,,,,일반,휴양 및 관광,홈페이지,일반,전화,아웃바운드,완료,20220215,2,Tuesday
2022-02-15,한국어,음식,음식,한식,식당,,,,,일반,휴양 및 관광,홈페이지,일반,전화,아웃바운드,완료,20220215,2,Tuesday
2022-02-15,한국어,음식,음식,한식,,,,,,일반,휴양 및 관광,홈페이지,일반,전화,아웃바운드,완료,20220215,2,Tuesday
2022-02-16,한국어,음식,음식,기타,오름,,,,,일반,휴양 및 관광,홈페이지,일반,전화,인바운드,완료,20220216,2,Wednesday
2022-02-16,한국어,음식,음식,한식,오름,문자,식당,음식점,인터넷,일반,휴양 및 관광,홈페이지,일반,전화,인바운드,완료,20220216,2,Wednesday
2022-02-17,한국어,음식,음식,한식,식당,,,,,일반,휴양 및 관광,홈페이지,일반,전화,아웃바운드,완료,20220217,2,Thursday
2022-02-17,한국어,음식,음식,한식,식당,,,,,일반,휴양 및 관광,홈페이지,일반,전화,아웃바운드,완료,20220217,2,Thursday
2022-02-17,한국어,음식,음식,한식,인원,사전예약,식당,판매,흑돼지구이,일반,휴양 및 관광,홈페이지,일반,전화,아웃바운드,완료,20220217,2,Thursday
2022-02-17,한국어,음식,음식,한식,인원,연락처,식당,신라,중문,일반,휴양 및 관광,홈페이지,일반,전화,아웃바운드,완료,20220217,2,Thursday
2022-02-19,한국어,음식,음식,향토음식,안내소,해녀,용두암,이용시간,이용,일반,휴양 및 관광,홈페이지,일반,전화,인바운드,완료,20220219,2,Saturday
2022-02-21,한국어,음식,음식,한식,식당,제주,,,,일반,휴양 및 관광,홈페이지,일반,전화,아웃바운드,완료,20220221,2,Monday
2022-02-21,한국어,음식,음식,한식,가든,,,,,일반,휴양 및 관광,홈페이지,일반,전화,아웃바운드,완료,20220221,2,Monday
2022-02-21,한국어,음식,음식,향토음식,,,,,,일반,휴양 및 관광,홈페이지,일반,전화,아웃바운드,완료,20220222,2,Monday
2022-02-21,한국어,음식,음식,향토음식,식당,,,,,일반,휴양 및 관광,홈페이지,일반,전화,아웃바운드,완료,20220221,2,Monday
2022-02-21,한국어,음식,음식,한식,인원,성산,자연,식당,서귀포,일반,휴양 및 관광,홈페이지,일반,전화,아웃바운드,완료,20220221,2,Monday
2022-02-21,한국어,음식,음식,향토음식,횟집,,,,,일반,휴양 및 관광,홈페이지,일반,전화,아웃바운드,완료,20220221,2,Monday
2022-02-21,한국어,음식,음식,한식,식당,,,,,일반,휴양 및 관광,홈페이지,일반,전화,아웃바운드,완료,20220221,2,Monday
2022-02-21,한국어,음식,음식,한식,천제연,식당,서귀포,,,일반,휴양 및 관광,홈페이지,일반,전화,아웃바운드,완료,20220221,2,Monday
2022-02-24,한국어,음식,음식,카페,이용요금,동반,체험,입장료,요금,일반,휴양 및 관광,홈페이지,일반,전화,아웃바운드,완료,20220224,2,Thursday
2022-03-06,한국어,음식,음식,한식,유선,문자,식당,인터넷,제주,일반,휴양 및 관광,홈페이지,일반,전화,인바운드,완료,20220306,3,Sunday
2022-03-07,한국어,음식,음식,카페,동반,카페,이용,케이지,,일반,휴양 및 관광,홈페이지,일반,전화,아웃바운드,완료,20220307,3,Monday
2022-03-10,한국어,음식,음식,카페,음식점,카페,,,,일반,휴양 및 관광,홈페이지,일반,전화,아웃바운드,완료,20220310,3,Thursday
2022-03-10,한국어,음식,음식,카페,카페,,,,,일반,휴양 및 관광,홈페이지,일반,전화,아웃바운드,완료,20220310,3,Thursday
2022-03-10,한국어,음식,음식,카페,카페,,,,,일반,휴양 및 관광,홈페이지,일반,전화,아웃바운드,완료,20220310,3,Thursday
2022-03-11,한국어,음식,음식,카페,미술관,제주,이용,,,일반,휴양 및 관광,홈페이지,일반,전화,아웃바운드,완료,20220311,3,Friday
2022-03-11,한국어,음식,음식,카페,커피,카페,,,,일반,휴양 및 관광,홈페이지,일반,전화,아웃바운드,완료,20220311,3,Friday
2022-03-14,한국어,음식,음식,향토음식,꿩메밀,,,,,일반,휴양 및 관광,홈페이지,일반,전화,아웃바운드,완료,20220314,3,Monday
2022-03-14,한국어,음식,음식,향토음식,사전예약,외국인,고을면,방문,,일반,휴양 및 관광,홈페이지,일반,전화,아웃바운드,완료,20220314,3,Monday
2022-03-14,한국어,음식,음식,향토음식,가격,이용시간,이용,꿩메밀,정의고을,일반,휴양 및 관광,홈페이지,일반,전화,아웃바운드,완료,20220314,3,Monday
2022-03-14,한국어,음식,음식,향토음식,사월의꿩,,,,,일반,휴양 및 관광,홈페이지,일반,전화,아웃바운드,완료,20220314,3,Monday
2022-03-14,한국어,음식,음식,향토음식,식당,골목,이용시간,이용,골목식당,일반,휴양 및 관광,홈페이지,일반,전화,아웃바운드,완료,20220314,3,Monday
2022-03-14,한국어,음식,음식,향토음식,마을,꿩마을,,,,일반,휴양 및 관광,홈페이지,일반,전화,아웃바운드,완료,20220314,3,Monday
2022-03-15,한국어,음식,음식,한식,문자,식당,안전,제주,주소,일반,휴양 및 관광,홈페이지,일반,전화,인바운드,완료,20220315,3,Tuesday
2022-03-15,한국어,음식,음식,향토음식,문자,식당,안전,음식점,제주,일반,휴양 및 관광,홈페이지,일반,전화,인바운드,완료,20220315,3,Tuesday
2022-03-15,한국어,음식,음식,향토음식,문자,제주,주소,흑돼지,,일반,휴양 및 관광,홈페이지,일반,전화,인바운드,완료,20220315,3,Tuesday
2022-03-16,한국어,음식,음식,향토음식,사전예약,휴무일,문자,식당,안전,일반,휴양 및 관광,홈페이지,일반,전화,인바운드,완료,20220316,3,Wednesday
2022-03-18,한국어,음식,음식,한식,외국어,운영시간,메밀꽃차롱,,,일반,휴양 및 관광,홈페이지,일반,전화,아웃바운드,완료,20220318,3,Friday
2022-03-18,한국어,음식,음식,한식,외국어,사전예약,운영시간,토종닭,황금토종닭,일반,휴양 및 관광,홈페이지,일반,전화,아웃바운드,완료,20220318,3,Friday
2022-03-18,한국어,음식,음식,한식,외국어,운영시간,오름,오름가든,가든,일반,휴양 및 관광,홈페이지,일반,전화,아웃바운드,완료,20220318,3,Friday
2022-03-20,한국어,음식,음식,한식,문자,식당,안전,회관,함덕,일반,휴양 및 관광,홈페이지,일반,전화,인바운드,완료,20220320,3,Sunday
2022-03-22,한국어,음식,음식,향토음식,개장,정방폭포,해녀,폭포,이용,일반,휴양 및 관광,홈페이지,일반,전화,아웃바운드,완료,20220322,3,Tuesday
2022-03-22,한국어,음식,음식,향토음식,해녀,주상절리,,,,일반,휴양 및 관광,홈페이지,일반,전화,아웃바운드,완료,20220322,3,Tuesday
2022-03-22,한국어,음식,음식,한식,이용시간,이용,,,,일반,휴양 및 관광,홈페이지,일반,전화,아웃바운드,완료,20220322,3,Tuesday
2022-03-22,한국어,음식,음식,한식,제주,,,,,일반,휴양 및 관광,홈페이지,일반,전화,아웃바운드,완료,20220322,3,Tuesday
2022-03-23,한국어,음식,음식,한식,사전예약,유선,문자,인터넷,제주,일반,휴양 및 관광,홈페이지,일반,전화,인바운드,완료,20220323,3,Wednesday
2022-03-23,한국어,음식,음식,한식,제주,,,,,일반,휴양 및 관광,홈페이지,일반,전화,아웃바운드,완료,20220323,3,Wednesday
2022-03-23,한국어,음식,음식,카페,이용,,,,,일반,휴양 및 관광,홈페이지,일반,전화,아웃바운드,완료,20220323,3,Wednesday
2022-03-23,한국어,음식,음식,한식,검은쇠,,,,,일반,휴양 및 관광,홈페이지,일반,전화,아웃바운드,완료,20220323,3,Wednesday
2022-03-23,한국어,음식,음식,카페,이용시간,이용,,,,일반,휴양 및 관광,홈페이지,일반,전화,아웃바운드,완료,20220323,3,Wednesday
2022-03-24,한국어,음식,음식,한식,식당,한라,,,,일반,휴양 및 관광,홈페이지,일반,전화,아웃바운드,완료,20220324,3,Thursday
2022-03-24,한국어,음식,음식,한식,성산,식당,표선,,,일반,휴양 및 관광,홈페이지,일반,전화,인바운드,완료,20220324,3,Thursday
2022-03-28,한국어,음식,음식,카페,사전예약,요금,무료,가격,올티스,일반,휴양 및 관광,홈페이지,일반,전화,아웃바운드,완료,20220328,3,Monday
2022-03-30,한국어,음식,음식,향토음식,제주,관광정보,방문,,,일반,휴양 및 관광,홈페이지,일반,전화,인바운드,완료,20220330,3,Wednesday
2022-03-30,한국어,음식,음식,한식,운영시간,,,,,일반,휴양 및 관광,홈페이지,일반,전화,아웃바운드,완료,20220330,3,Wednesday
2022-03-31,한국어,음식,음식,향토음식,만장굴,문자,식당,시내,제주,일반,휴양 및 관광,홈페이지,일반,전화,인바운드,완료,20220331,3,Thursday
2022-04-01,한국어,음식,음식,양식,운영시간,오름,우도,유선,문자,일반,휴양 및 관광,홈페이지,일반,전화,인바운드,완료,20220401,4,Friday
2022-04-03,한국어,음식,음식,향토음식,운영시간,1100,유선,문자,제주,일반,휴양 및 관광,홈페이지,일반,전화,인바운드,완료,20220403,4,Sunday
2022-04-04,한국어,음식,음식,한식,인원,오름,한라수목원,용두암,문자,일반,휴양 및 관광,홈페이지,일반,전화,인바운드,완료,20220404,4,Monday
2022-04-05,영어,음식,음식,한식,성산,문자,한라,서귀포,제주,일반,휴양 및 관광,홈페이지,일반,전화,인바운드,완료,20220405,4,Tuesday
2022-04-06,한국어,음식,음식,한식,연락처,문자,식당,제주,주소,일반,휴양 및 관광,홈페이지,일반,전화,인바운드,완료,20220406,4,Wednesday
2022-04-06,한국어,음식,음식,한식,문자,식당,안전,인터넷,제주,일반,휴양 및 관광,홈페이지,일반,전화,인바운드,완료,20220406,4,Wednesday
2022-04-11,한국어,음식,음식,향토음식,유선,문자,호텔,식당,인터넷,일반,휴양 및 관광,홈페이지,일반,전화,인바운드,완료,20220411,4,Monday
2022-04-12,한국어,음식,음식,카페,연락처,주차장,문자,안전,안덕,일반,휴양 및 관광,홈페이지,일반,전화,인바운드,완료,20220412,4,Tuesday
2022-04-13,한국어,음식,음식,양식,운영시간,솔동산,우도,유선,문자,일반,휴양 및 관광,홈페이지,일반,전화,인바운드,완료,20220413,4,Wednesday
2022-04-14,한국어,음식,음식,한식,운영시간,휴무일,문자,식당,안전,일반,휴양 및 관광,홈페이지,일반,전화,인바운드,완료,20220414,4,Thursday
2022-04-17,한국어,음식,음식,기타,고근산,식당,인터넷,서귀포,,일반,휴양 및 관광,홈페이지,일반,전화,인바운드,완료,20220517,4,Sunday
2022-04-18,한국어,음식,음식,한식,운영시간,주차장,문자,무료,서귀포,일반,휴양 및 관광,홈페이지,일반,전화,인바운드,완료,20220418,4,Monday
2022-04-18,한국어,음식,음식,한식,해녀,유선,문자,식당,세화,일반,휴양 및 관광,홈페이지,일반,전화,인바운드,완료,20220418,4,Monday
2022-04-19,한국어,음식,음식,한식,연락처,비자림,문화공원,유선,문자,일반,휴양 및 관광,홈페이지,일반,전화,인바운드,완료,20220419,4,Tuesday
2022-04-21,한국어,음식,음식,향토음식,함덕,이용,흑돼지,,,일반,휴양 및 관광,홈페이지,일반,전화,아웃바운드,완료,20220421,4,Thursday
2022-04-21,한국어,음식,음식,향토음식,식당,이용,,,,일반,휴양 및 관광,홈페이지,일반,전화,아웃바운드,완료,20220421,4,Thursday
2022-04-21,한국어,음식,음식,향토음식,식당,이용,,,,일반,휴양 및 관광,홈페이지,일반,전화,아웃바운드,완료,20220421,4,Thursday
2022-04-21,한국어,음식,음식,향토음식,이용,,,,,일반,휴양 및 관광,홈페이지,일반,전화,아웃바운드,완료,20220421,4,Thursday
2022-04-21,한국어,음식,음식,향토음식,식당,이용,,,,일반,휴양 및 관광,홈페이지,일반,전화,아웃바운드,완료,20220421,4,Thursday
2022-04-22,한국어,음식,음식,한식,문자,식당,해수,함덕,제주,일반,휴양 및 관광,홈페이지,일반,전화,인바운드,완료,20220422,4,Friday
2022-04-24,한국어,음식,음식,한식,소요시간,숲길,오름,사려니,주차장,일반,휴양 및 관광,홈페이지,일반,전화,인바운드,완료,20220424,4,Sunday
2022-04-25,한국어,음식,음식,향토음식,숲길,오름,사려니,물영아리,성산,일반,휴양 및 관광,홈페이지,일반,전화,인바운드,완료,20220425,4,Monday
2022-04-26,한국어,음식,음식,카페,,,,,,일반,휴양 및 관광,홈페이지,일반,전화,아웃바운드,완료,20220426,4,Tuesday
2022-04-26,한국어,음식,음식,일식,체험,마을,한림,이용,횟집,일반,휴양 및 관광,홈페이지,일반,전화,인바운드,완료,20220426,4,Tuesday
2022-04-26,한국어,음식,음식,일식,한림,이용,횟집,,,일반,휴양 및 관광,홈페이지,일반,전화,아웃바운드,완료,20220426,4,Tuesday
2022-04-26,한국어,음식,음식,일식,한림,이용,횟집,,,일반,휴양 및 관광,홈페이지,일반,전화,아웃바운드,완료,20220426,4,Tuesday
2022-04-26,한국어,음식,음식,일식,한림,이용,횟집,,,일반,휴양 및 관광,홈페이지,일반,전화,아웃바운드,완료,20220426,4,Tuesday
2022-04-26,한국어,음식,음식,일식,체험,마을,한림,이용,횟집,일반,휴양 및 관광,홈페이지,일반,전화,아웃바운드,완료,20220426,4,Tuesday
2022-04-26,한국어,음식,음식,일식,한림,이용,횟집,,,일반,휴양 및 관광,홈페이지,일반,전화,아웃바운드,완료,20220426,4,Tuesday
2022-04-26,한국어,음식,음식,일식,체험,마을,한림,이용,횟집,일반,휴양 및 관광,홈페이지,일반,전화,아웃바운드,완료,20220426,4,Tuesday
2022-04-27,한국어,음식,음식,한식,맛집,어승생악,,,,일반,휴양 및 관광,홈페이지,일반,전화,인바운드,완료,20220427,4,Wednesday
2022-04-27,한국어,음식,음식,한식,박물관,문자,식당,항공우주,파크,일반,휴양 및 관광,홈페이지,일반,전화,인바운드,완료,20220427,4,Wednesday
2022-04-27,한국어,음식,음식,향토음식,,,,,,일반,휴양 및 관광,홈페이지,일반,전화,아웃바운드,완료,20220427,4,Wednesday
2022-04-27,한국어,음식,음식,향토음식,한라,이용시간,이용,오메기떡,,일반,휴양 및 관광,홈페이지,일반,전화,아웃바운드,완료,20220427,4,Wednesday
2022-04-27,한국어,음식,음식,향토음식,,,,,,일반,휴양 및 관광,홈페이지,일반,전화,아웃바운드,완료,20220427,4,Wednesday
2022-04-27,한국어,음식,음식,향토음식,외국인,이용시간,이용,,,일반,휴양 및 관광,홈페이지,일반,전화,아웃바운드,완료,20220427,4,Wednesday
2022-04-27,한국어,음식,음식,향토음식,외국어,외국인,이용시간,이용,방문,일반,휴양 및 관광,홈페이지,일반,전화,아웃바운드,완료,20220427,4,Wednesday
2022-04-27,한국어,음식,음식,향토음식,이용시간,이용,,,,일반,휴양 및 관광,홈페이지,일반,전화,아웃바운드,완료,20220427,4,Wednesday
2022-04-27,한국어,음식,음식,향토음식,이용시간,이용,재료소진,,,일반,휴양 및 관광,홈페이지,일반,전화,아웃바운드,완료,20220427,4,Wednesday
2022-04-27,한국어,음식,음식,한식,박물관,문자,식당,항공우주,파크,일반,휴양 및 관광,홈페이지,일반,전화,아웃바운드,완료,20220427,4,Wednesday
2022-04-27,한국어,음식,음식,일식,인원,이용,횟집,,,일반,휴양 및 관광,홈페이지,일반,전화,아웃바운드,완료,20220427,4,Wednesday
2022-04-27,한국어,음식,음식,향토음식,외국어,이용시간,이용,,,일반,휴양 및 관광,홈페이지,일반,전화,아웃바운드,완료,20220427,4,Wednesday
2022-04-27,한국어,음식,음식,향토음식,,,,,,일반,휴양 및 관광,홈페이지,일반,전화,아웃바운드,완료,20220427,4,Wednesday
2022-04-27,한국어,음식,음식,향토음식,,,,,,일반,휴양 및 관광,홈페이지,일반,전화,아웃바운드,완료,20220427,4,Wednesday
2022-04-28,한국어,음식,음식,한식,서귀포,흑돼지,가든,,,일반,휴양 및 관광,홈페이지,일반,전화,인바운드,완료,20220428,4,Thursday
2022-04-28,한국어,음식,음식,한식,1100,문자,식당,맑은,음식점,일반,휴양 및 관광,홈페이지,일반,전화,인바운드,완료,20220428,4,Thursday
2022-04-29,한국어,음식,음식,일식,유선,문자,식당,안전,제주,일반,휴양 및 관광,홈페이지,일반,전화,인바운드,완료,20220429,4,Friday
2022-05-01,한국어,음식,음식,향토음식,유선,문자,식당,인터넷,제주,일반,휴양 및 관광,홈페이지,일반,전화,인바운드,완료,20220501,5,Sunday
2022-05-02,한국어,음식,음식,한식,개장,박물관,문자,식당,마을,일반,휴양 및 관광,홈페이지,일반,전화,인바운드,완료,20220502,5,Monday
2022-05-02,한국어,음식,음식,향토음식,,,,,,일반,휴양 및 관광,홈페이지,일반,전화,아웃바운드,완료,20220502,5,Monday
2022-05-02,한국어,음식,음식,향토음식,운영시간,해녀,도두,도두해녀의집,해녀의집,일반,휴양 및 관광,홈페이지,일반,전화,아웃바운드,완료,20220502,5,Monday
2022-05-02,한국어,음식,음식,향토음식,식당,,,,,일반,휴양 및 관광,홈페이지,일반,전화,아웃바운드,완료,20220502,5,Monday
2022-05-02,한국어,음식,음식,한식,인터넷,문의처,,,,일반,휴양 및 관광,홈페이지,일반,전화,아웃바운드,완료,20220502,5,Monday
2022-05-02,한국어,음식,음식,한식,마을,,,,,일반,휴양 및 관광,홈페이지,일반,전화,아웃바운드,완료,20220502,5,Monday
2022-05-02,한국어,음식,음식,한식,,,,,,일반,휴양 및 관광,홈페이지,일반,전화,아웃바운드,완료,20220502,5,Monday
2022-05-02,한국어,음식,음식,향토음식,문의처,,,,,일반,휴양 및 관광,홈페이지,일반,전화,아웃바운드,완료,20220502,5,Monday
2022-05-02,한국어,음식,음식,한식,외국어,,,,,일반,휴양 및 관광,홈페이지,일반,전화,아웃바운드,완료,20220502,5,Monday
2022-05-03,한국어,음식,음식,한식,한라수목원,장애인,문자,호텔,음식점,일반,휴양 및 관광,포털사이트,일반,전화,인바운드,완료,20220503,5,Tuesday
2022-05-03,한국어,음식,음식,한식,장애인,메종글래드,음식점,흑돼지,,일반,휴양 및 관광,홈페이지,일반,전화,아웃바운드,완료,20220503,5,Tuesday
2022-05-03,한국어,음식,음식,한식,한라수목원,수목원,한라,,,일반,휴양 및 관광,홈페이지,일반,전화,아웃바운드,완료,20220503,5,Tuesday
2022-05-03,한국어,음식,음식,한식,장애인,음식점,제주,흑돼지,,일반,휴양 및 관광,홈페이지,일반,전화,아웃바운드,완료,20220503,5,Tuesday
2022-05-03,한국어,음식,음식,한식,장애인,음식점,흑돼지,,,일반,휴양 및 관광,홈페이지,일반,전화,아웃바운드,완료,20220503,5,Tuesday
2022-05-03,한국어,음식,음식,한식,장애인,식당,음식점,흑돼지,,일반,휴양 및 관광,홈페이지,일반,전화,아웃바운드,완료,20220503,5,Tuesday
2022-05-03,한국어,음식,음식,한식,장애인,정원,힐링,음식점,흑돼지,일반,휴양 및 관광,홈페이지,일반,전화,아웃바운드,완료,20220503,5,Tuesday
2022-05-03,한국어,음식,음식,한식,장애인,음식점,흑돼지,,,일반,휴양 및 관광,홈페이지,일반,전화,아웃바운드,완료,20220503,5,Tuesday
2022-05-03,한국어,음식,음식,한식,장애인,음식점,흑돼지,,,일반,휴양 및 관광,홈페이지,일반,전화,아웃바운드,완료,20220503,5,Tuesday
2022-05-03,한국어,음식,음식,한식,외국어,,,,,일반,휴양 및 관광,홈페이지,일반,전화,아웃바운드,완료,20220503,5,Tuesday
2022-05-03,한국어,음식,음식,한식,,,,,,일반,휴양 및 관광,홈페이지,일반,전화,아웃바운드,완료,20220503,5,Tuesday
2022-05-03,한국어,음식,음식,양식,제주,이용시간,이용,양조장,맥주,일반,휴양 및 관광,홈페이지,일반,전화,아웃바운드,완료,20220503,5,Tuesday
2022-05-04,한국어,음식,음식,한식,외국어,이용시간,이용,,,일반,휴양 및 관광,홈페이지,일반,전화,아웃바운드,완료,20220504,5,Wednesday
2022-05-04,한국어,음식,음식,향토음식,연락처,유선,문자,식당,안전,일반,휴양 및 관광,홈페이지,일반,전화,인바운드,완료,20220504,5,Wednesday
2022-05-06,한국어,음식,음식,한식,,,,,,일반,휴양 및 관광,홈페이지,일반,전화,아웃바운드,완료,20220506,5,Friday
2022-05-06,한국어,음식,음식,한식,식당,이용,,,,일반,휴양 및 관광,홈페이지,일반,전화,아웃바운드,완료,20220506,5,Friday
2022-05-06,한국어,음식,음식,한식,식당,,,,,일반,휴양 및 관광,홈페이지,일반,전화,아웃바운드,완료,20220506,5,Friday
2022-05-06,한국어,음식,음식,한식,식당,,,,,일반,휴양 및 관광,홈페이지,일반,전화,아웃바운드,완료,20220506,5,Friday
2022-05-07,한국어,음식,음식,향토음식,비자림,문자,식당,대정,관광지,일반,휴양 및 관광,홈페이지,일반,전화,인바운드,완료,20220507,5,Saturday
2022-05-08,한국어,음식,음식,일식,해녀,성산,유선,문자,코지,일반,휴양 및 관광,홈페이지,일반,전화,인바운드,완료,20220508,5,Sunday
2022-05-08,한국어,음식,음식,향토음식,운영시간,비자림,유선,문자,식당,일반,휴양 및 관광,홈페이지,일반,전화,인바운드,완료,20220508,5,Sunday
2022-05-09,한국어,음식,음식,향토음식,제주,,,,,일반,휴양 및 관광,홈페이지,일반,전화,인바운드,완료,20220509,5,Monday
2022-05-09,한국어,음식,음식,한식,운영시간,,,,,일반,휴양 및 관광,홈페이지,일반,전화,아웃바운드,완료,20220509,5,Monday
2022-05-09,한국어,음식,음식,한식,식당,,,,,일반,휴양 및 관광,홈페이지,일반,전화,아웃바운드,완료,20220509,5,Monday
2022-05-09,한국어,음식,음식,한식,외국어,휴식시간,식당,,,일반,휴양 및 관광,홈페이지,일반,전화,아웃바운드,완료,20220509,5,Monday
2022-05-10,한국어,음식,음식,한식,식당,제주,,,,일반,휴양 및 관광,홈페이지,일반,전화,인바운드,완료,20220510,5,Tuesday
2022-05-12,한국어,음식,음식,한식,유선,문자,도립공원,식당,안전,일반,휴양 및 관광,홈페이지,일반,전화,인바운드,완료,20220517,5,Thursday
2022-05-12,한국어,음식,음식,카페,연락처,한라,카페,글로벌,,일반,휴양 및 관광,홈페이지,일반,전화,아웃바운드,완료,20220512,5,Thursday
2022-05-12,한국어,음식,음식,카페,연락처,한라,제주,카페,글로벌,일반,휴양 및 관광,홈페이지,일반,전화,아웃바운드,완료,20220512,5,Thursday
2022-05-12,일본어,음식,음식,카페,한라,제주,카페,,,일반,휴양 및 관광,홈페이지,일반,전화,인바운드,완료,20220517,5,Thursday
2022-05-12,한국어,음식,음식,향토음식,운영시간,천제연,유선,문자,식당,일반,휴양 및 관광,홈페이지,일반,전화,인바운드,완료,20220513,5,Thursday
2022-05-12,일본어,음식,음식,카페,한라,제주,카페,,,일반,휴양 및 관광,홈페이지,일반,전화,아웃바운드,완료,20220517,5,Thursday
2022-05-16,한국어,음식,음식,양식,동반,이용시간,이용,,,일반,휴양 및 관광,홈페이지,일반,전화,아웃바운드,완료,20220516,5,Monday
2022-05-16,한국어,음식,음식,양식,이용시간,이용,,,,일반,휴양 및 관광,홈페이지,일반,전화,아웃바운드,완료,20220516,5,Monday
2022-05-16,한국어,음식,음식,양식,이용,탭하우스,케이지,,,일반,휴양 및 관광,홈페이지,일반,전화,아웃바운드,완료,20220516,5,Monday
2022-05-16,한국어,음식,음식,양식,제주,이용,,,,일반,휴양 및 관광,홈페이지,일반,전화,아웃바운드,완료,20220516,5,Monday
2022-05-16,한국어,음식,음식,양식,이용,맥파이,,,,일반,휴양 및 관광,홈페이지,일반,전화,아웃바운드,완료,20220516,5,Monday
2022-05-18,한국어,음식,음식,한식,휠체어,숙박,문자,식당,관광지,일반,휴양 및 관광,홈페이지,일반,전화,인바운드,완료,20220518,5,Wednesday
2022-05-18,한국어,음식,음식,향토음식,오름,정방폭포,주상절리대,해녀,용두암,일반,휴양 및 관광,홈페이지,일반,전화,인바운드,완료,20220518,5,Wednesday
2022-05-18,한국어,음식,음식,향토음식,금호,리조트,인터넷,맛집,,일반,휴양 및 관광,홈페이지,일반,전화,인바운드,완료,20220518,5,Wednesday
2022-05-18,한국어,음식,음식,한식,휠체어,이용,,,,일반,휴양 및 관광,홈페이지,일반,전화,아웃바운드,완료,20220518,5,Wednesday
2022-05-18,한국어,음식,음식,한식,휠체어,중문,이용,횟집,,일반,휴양 및 관광,홈페이지,일반,전화,아웃바운드,완료,20220518,5,Wednesday
2022-05-18,한국어,음식,음식,한식,휠체어,중문,이용,,,일반,휴양 및 관광,홈페이지,일반,전화,아웃바운드,완료,20220518,5,Wednesday
2022-05-19,한국어,음식,음식,한식,운영시간,휴무일,개장,오름,한라수목원,일반,휴양 및 관광,홈페이지,일반,전화,인바운드,완료,20220519,5,Thursday
2022-05-21,한국어,음식,음식,향토음식,1100,유선,문자,식당,대정,일반,휴양 및 관광,홈페이지,일반,전화,인바운드,완료,20220521,5,Saturday
2022-05-22,한국어,음식,음식,향토음식,오름,문자,식당,음식점,인터넷,일반,휴양 및 관광,홈페이지,일반,전화,인바운드,완료,20220522,5,Sunday
2022-05-22,한국어,음식,음식,한식,문자,식당,한라산,음식점,한라,일반,휴양 및 관광,홈페이지,일반,전화,인바운드,완료,20220522,5,Sunday
2022-05-25,한국어,음식,음식,향토음식,문자,관광지,탐나오,할인,서귀포,일반,휴양 및 관광,홈페이지,일반,전화,인바운드,완료,20220525,5,Wednesday
2022-05-25,한국어,음식,음식,향토음식,문자,관광지,탐나오,할인,서귀포,일반,휴양 및 관광,홈페이지,일반,전화,아웃바운드,완료,20220525,5,Wednesday
2022-05-25,한국어,음식,음식,향토음식,주상절리대,해녀,매표소,유선,휠체어,일반,휴양 및 관광,홈페이지,일반,전화,인바운드,완료,20220525,5,Wednesday
2022-05-25,한국어,음식,음식,향토음식,서귀포,카페,,,,일반,휴양 및 관광,홈페이지,일반,전화,아웃바운드,완료,20220525,5,Wednesday
2022-05-25,한국어,음식,음식,향토음식,,,,,,일반,휴양 및 관광,홈페이지,일반,전화,아웃바운드,완료,20220525,5,Wednesday
2022-05-26,한국어,음식,음식,향토음식,연락처,쇠소깍,유선,숙소,식당,일반,휴양 및 관광,홈페이지,일반,전화,인바운드,완료,20220526,5,Thursday
2022-05-27,한국어,음식,음식,일식,호텔,제주,판매,방문,,일반,휴양 및 관광,홈페이지,일반,전화,아웃바운드,완료,20220527,5,Friday
2022-05-27,한국어,음식,음식,일식,호텔,제주,판매,방문,,일반,휴양 및 관광,홈페이지,일반,전화,아웃바운드,완료,20220527,5,Friday
2022-05-27,한국어,음식,음식,일식,호텔,제주,판매,방문,,일반,휴양 및 관광,홈페이지,일반,전화,인바운드,완료,20220527,5,Friday
2022-05-27,한국어,음식,음식,일식,제주,,,,,일반,휴양 및 관광,홈페이지,일반,전화,아웃바운드,완료,20220527,5,Friday
2022-05-29,한국어,음식,음식,기타,인터넷,맛집,,,,일반,휴양 및 관광,홈페이지,일반,전화,인바운드,완료,20220529,5,Sunday
2022-05-30,한국어,음식,음식,한식,메일,식당,관광지,비짓,제주,일반,휴양 및 관광,홈페이지,일반,전화,인바운드,완료,20220530,5,Monday
2022-05-30,한국어,음식,음식,한식,운영시간,이용시간,이용,,,일반,휴양 및 관광,홈페이지,일반,전화,아웃바운드,완료,20220530,5,Monday
2022-05-30,한국어,음식,음식,한식,운영시간,식당,맑은,이용시간,이용,일반,휴양 및 관광,홈페이지,일반,전화,아웃바운드,완료,20220530,5,Monday
2022-05-30,한국어,음식,음식,한식,운영시간,,,,,일반,휴양 및 관광,홈페이지,일반,전화,아웃바운드,완료,20220530,5,Monday
2022-05-30,한국어,음식,음식,한식,운영시간,카페,이용시간,이용,,일반,휴양 및 관광,홈페이지,일반,전화,아웃바운드,완료,20220530,5,Monday
2022-06-02,한국어,음식,음식,기타,자연휴양림,절물자연휴양림,자연,절물자연,문자,일반,휴양 및 관광,홈페이지,일반,전화,인바운드,완료,20220602,6,Thursday
2022-06-02,한국어,음식,음식,향토음식,문자,음식점,서귀포,시내,제주,일반,휴양 및 관광,홈페이지,일반,전화,인바운드,완료,20220602,6,Thursday
2022-06-02,한국어,음식,음식,한식,천지연,문자,호텔,식당,안전,일반,휴양 및 관광,홈페이지,일반,전화,인바운드,완료,20220602,6,Thursday
2022-06-02,한국어,음식,음식,한식,운영시간,휴무일,문자,호텔,식당,일반,휴양 및 관광,홈페이지,일반,전화,인바운드,완료,20220602,6,Thursday
2022-06-03,한국어,음식,음식,한식,,,,,,일반,휴양 및 관광,홈페이지,일반,전화,아웃바운드,완료,20220603,6,Friday
2022-06-03,한국어,음식,음식,한식,,,,,,일반,휴양 및 관광,홈페이지,일반,전화,아웃바운드,완료,20220603,6,Friday
2022-06-03,한국어,음식,음식,향토음식,인원,연락처,천제연,유선,문자,일반,휴양 및 관광,홈페이지,일반,전화,인바운드,완료,20220603,6,Friday
2022-06-03,한국어,음식,음식,한식,이용,,,,,일반,휴양 및 관광,홈페이지,일반,전화,아웃바운드,완료,20220603,6,Friday
2022-06-03,한국어,음식,음식,한식,,,,,,일반,휴양 및 관광,홈페이지,일반,전화,아웃바운드,완료,20220603,6,Friday
2022-06-03,한국어,음식,음식,한식,이용,,,,,일반,휴양 및 관광,홈페이지,일반,전화,아웃바운드,완료,20220603,6,Friday
2022-06-03,한국어,음식,음식,한식,이용,주소,,,,일반,휴양 및 관광,홈페이지,일반,전화,아웃바운드,완료,20220603,6,Friday
2022-06-03,한국어,음식,음식,한식,이용,,,,,일반,휴양 및 관광,홈페이지,일반,전화,아웃바운드,완료,20220603,6,Friday
2022-06-04,한국어,음식,음식,향토음식,천제연,유선,문자,서귀포,중문,일반,휴양 및 관광,홈페이지,일반,전화,인바운드,완료,20220604,6,Saturday
2022-06-04,한국어,음식,음식,한식,삼양,문자,식당,안전,인터넷,일반,휴양 및 관광,홈페이지,일반,전화,인바운드,완료,20220604,6,Saturday
2022-06-05,한국어,음식,음식,일식,마라도,유선,문자,식당,대정,일반,휴양 및 관광,홈페이지,일반,전화,인바운드,완료,20220605,6,Sunday
2022-06-06,한국어,음식,음식,한식,수월봉,유선,문자,안전,음식점,일반,휴양 및 관광,홈페이지,일반,전화,인바운드,완료,20220606,6,Monday
2022-06-06,한국어,음식,음식,한식,수월봉,유선,문자,안전,음식점,일반,휴양 및 관광,홈페이지,일반,전화,인바운드,완료,20220606,6,Monday
2022-06-07,한국어,음식,음식,카페,커피,수목원,제주,,,일반,휴양 및 관광,홈페이지,일반,전화,아웃바운드,완료,20220616,6,Tuesday
2022-06-07,한국어,음식,음식,한식,운영시간,이용,,,,일반,휴양 및 관광,홈페이지,일반,전화,아웃바운드,완료,20220607,6,Tuesday
2022-06-07,한국어,음식,음식,한식,음식점,이용시간,이용,,,일반,휴양 및 관광,홈페이지,일반,전화,아웃바운드,완료,20220607,6,Tuesday
2022-06-08,한국어,음식,음식,한식,문자,리스트,호텔,식당,오리엔탈,일반,휴양 및 관광,홈페이지,일반,전화,인바운드,완료,20220608,6,Wednesday
2022-06-08,한국어,음식,음식,향토음식,체험,주막,제주,,,일반,휴양 및 관광,홈페이지,일반,전화,아웃바운드,완료,20220610,6,Wednesday
2022-06-08,한국어,음식,음식,향토음식,체험,제주,,,,일반,휴양 및 관광,홈페이지,일반,전화,아웃바운드,완료,20220610,6,Wednesday
2022-06-08,한국어,음식,음식,향토음식,제주,,,,,일반,휴양 및 관광,홈페이지,일반,전화,아웃바운드,완료,20220610,6,Wednesday
2022-06-08,한국어,음식,음식,한식,식당,서귀포,,,,일반,휴양 및 관광,홈페이지,일반,전화,인바운드,완료,20220608,6,Wednesday
2022-06-09,한국어,음식,음식,카페,연락처,오름,한라수목원,문자,정원,일반,휴양 및 관광,홈페이지,일반,전화,인바운드,완료,20220609,6,Thursday
2022-06-09,한국어,음식,음식,한식,박물관,비자림,성산,문자,식당,일반,휴양 및 관광,홈페이지,일반,전화,인바운드,완료,20220609,6,Thursday
2022-06-09,한국어,음식,음식,한식,유선,문자,제주,이용,관광정보,일반,휴양 및 관광,홈페이지,일반,전화,인바운드,완료,20220609,6,Thursday
2022-06-09,한국어,음식,음식,한식,문자,식당,안전,안덕,인터넷,일반,휴양 및 관광,홈페이지,일반,전화,인바운드,완료,20220609,6,Thursday
2022-06-11,한국어,음식,음식,향토음식,삼양동,삼양,문자,식당,안전,일반,휴양 및 관광,홈페이지,일반,전화,인바운드,완료,20220611,6,Saturday
2022-06-13,한국어,음식,음식,향토음식,음식점,제주,,,,일반,휴양 및 관광,홈페이지,일반,전화,인바운드,완료,20220613,6,Monday
2022-06-13,한국어,음식,음식,향토음식,운영시간,,,,,일반,휴양 및 관광,홈페이지,일반,전화,아웃바운드,완료,20220613,6,Monday
2022-06-13,한국어,음식,음식,한식,,,,,,일반,휴양 및 관광,홈페이지,일반,전화,아웃바운드,완료,20220613,6,Monday
2022-06-13,한국어,음식,음식,한식,운영시간,,,,,일반,휴양 및 관광,홈페이지,일반,전화,아웃바운드,완료,20220613,6,Monday
2022-06-14,한국어,음식,음식,향토음식,판매,시트러스,시음,,,일반,휴양 및 관광,홈페이지,일반,전화,아웃바운드,완료,20220614,6,Tuesday
2022-06-14,한국어,음식,음식,향토음식,제주,,,,,일반,휴양 및 관광,홈페이지,일반,전화,아웃바운드,완료,20220614,6,Tuesday
2022-06-14,한국어,음식,음식,향토음식,인원,유선,방문,시음,,일반,휴양 및 관광,홈페이지,일반,전화,아웃바운드,완료,20220614,6,Tuesday
2022-06-14,한국어,음식,음식,향토음식,제주,,,,,일반,휴양 및 관광,홈페이지,일반,전화,아웃바운드,완료,20220614,6,Tuesday
2022-06-14,한국어,음식,음식,향토음식,문자,리스트,마을,인터넷,제주,일반,휴양 및 관광,홈페이지,일반,전화,인바운드,완료,20220614,6,Tuesday
2022-06-14,한국어,음식,음식,향토음식,해녀,문자,식당,도두,인터넷,일반,휴양 및 관광,홈페이지,일반,전화,인바운드,완료,20220614,6,Tuesday
2022-06-15,한국어,음식,음식,향토음식,운영시간,해녀,문자,리스트,식당,일반,휴양 및 관광,홈페이지,일반,전화,인바운드,완료,20220615,6,Wednesday
2022-06-15,한국어,음식,음식,향토음식,유선,문자,호텔,칼호텔,음식점,일반,휴양 및 관광,홈페이지,일반,전화,인바운드,완료,20220615,6,Wednesday
2022-06-15,한국어,음식,음식,향토음식,운영시간,문자,리스트,음식점,인터넷,일반,휴양 및 관광,홈페이지,일반,전화,인바운드,완료,20220615,6,Wednesday
2022-06-16,한국어,음식,음식,향토음식,동문시장,한라,제주,오메기떡,,일반,휴양 및 관광,홈페이지,일반,전화,인바운드,완료,20220616,6,Thursday
2022-06-18,한국어,음식,음식,한식,문자,식당,안덕,서귀포,중문,일반,휴양 및 관광,홈페이지,일반,전화,인바운드,완료,20220618,6,Saturday
2022-06-18,한국어,음식,음식,향토음식,음식점,비짓,제주,,,일반,휴양 및 관광,홈페이지,일반,전화,인바운드,완료,20220618,6,Saturday
2022-06-21,한국어,음식,음식,향토음식,식당,이용,방귤당,,,일반,휴양 및 관광,홈페이지,일반,전화,아웃바운드,완료,20220621,6,Tuesday
2022-06-22,한국어,음식,음식,한식,식당,한라,중문,가든,,일반,휴양 및 관광,홈페이지,일반,전화,인바운드,완료,20220622,6,Wednesday
2022-06-24,한국어,음식,음식,카페,이용,,,,,일반,휴양 및 관광,홈페이지,일반,전화,아웃바운드,완료,20220624,6,Friday
2022-06-24,한국어,음식,음식,카페,체험,카페,이용,,,일반,휴양 및 관광,홈페이지,일반,전화,아웃바운드,완료,20220624,6,Friday
2022-06-26,한국어,음식,음식,한식,흑돼지,,,,,일반,휴양 및 관광,홈페이지,일반,전화,인바운드,완료,20220626,6,Sunday
2022-06-26,한국어,음식,음식,한식,문자,안전,음식점,제주,주소,일반,휴양 및 관광,홈페이지,일반,전화,인바운드,완료,20220626,6,Sunday
2022-06-26,한국어,음식,음식,향토음식,해녀,용두암,식당,해녀촌,,일반,휴양 및 관광,홈페이지,일반,전화,인바운드,완료,20220626,6,Sunday
2022-06-27,한국어,음식,음식,향토음식,정방폭포,해녀,용두암,폭포,,일반,휴양 및 관광,홈페이지,일반,전화,인바운드,완료,20220701,6,Monday
2022-06-28,한국어,음식,음식,향토음식,음식점,인터넷,공항근처,흑돼지,늘봄,일반,휴양 및 관광,홈페이지,일반,전화,아웃바운드,완료,20220628,6,Tuesday
2022-06-28,한국어,음식,음식,향토음식,음식점,인터넷,공항근처,흑돼지,늘봄,일반,휴양 및 관광,홈페이지,일반,전화,인바운드,완료,20220628,6,Tuesday
2022-06-28,한국어,음식,음식,한식,연락처,식당,회관,제주,공항근처,일반,휴양 및 관광,홈페이지,일반,전화,인바운드,완료,20220628,6,Tuesday
2022-06-28,한국어,음식,음식,향토음식,문자,식당,중문,제주,흑돼지구이,일반,휴양 및 관광,홈페이지,일반,전화,인바운드,완료,20220628,6,Tuesday
2022-06-29,한국어,음식,음식,향토음식,운영시간,휴무일,문자,식당,신라,일반,휴양 및 관광,홈페이지,일반,전화,인바운드,완료,20220629,6,Wednesday
2022-07-04,한국어,음식,음식,한식,운영시간,제주,,,,일반,휴양 및 관광,홈페이지,일반,전화,아웃바운드,완료,20220704,7,Monday
2022-07-04,한국어,음식,음식,한식,운영시간,,,,,일반,휴양 및 관광,홈페이지,일반,전화,아웃바운드,완료,20220704,7,Monday
2022-07-04,한국어,음식,음식,한식,유선,식당,이용시간,이용,,일반,휴양 및 관광,홈페이지,일반,전화,아웃바운드,완료,20220704,7,Monday
2022-07-04,한국어,음식,음식,한식,운영시간,식당,이용시간,이용,재료소진,일반,휴양 및 관광,홈페이지,일반,전화,아웃바운드,완료,20220704,7,Monday
2022-07-04,한국어,음식,음식,한식,성산,이용시간,이용,,,일반,휴양 및 관광,홈페이지,일반,전화,아웃바운드,완료,20220704,7,Monday
2022-07-04,한국어,음식,음식,한식,운영시간,,,,,일반,휴양 및 관광,홈페이지,일반,전화,아웃바운드,완료,20220705,7,Monday
2022-07-04,한국어,음식,음식,한식,이용,,,,,일반,휴양 및 관광,홈페이지,일반,전화,아웃바운드,완료,20220704,7,Monday
2022-07-07,한국어,음식,음식,카페,운영시간,가격,카페,,,일반,휴양 및 관광,홈페이지,일반,전화,아웃바운드,완료,20220707,7,Thursday
2022-07-07,한국어,음식,음식,향토음식,인원,유선,호텔,식당,롯데,일반,휴양 및 관광,홈페이지,일반,전화,인바운드,완료,20220707,7,Thursday
2022-07-08,한국어,음식,음식,향토음식,정상운영,식당,,,,일반,휴양 및 관광,홈페이지,일반,전화,아웃바운드,완료,20220708,7,Friday
2022-07-09,한국어,음식,음식,한식,식당,마을,서귀포,판매,토종닭,일반,휴양 및 관광,홈페이지,일반,전화,아웃바운드,완료,20220709,7,Saturday
2022-07-09,한국어,음식,음식,한식,식당,마을,서귀포,판매,토종닭,일반,휴양 및 관광,홈페이지,일반,전화,인바운드,완료,20220709,7,Saturday
2022-07-11,한국어,음식,음식,향토음식,식당,,,,,일반,휴양 및 관광,홈페이지,일반,전화,인바운드,완료,20220711,7,Monday
2022-07-11,한국어,음식,음식,향토음식,이용,,,,,일반,휴양 및 관광,홈페이지,일반,전화,아웃바운드,완료,20220711,7,Monday
2022-07-11,한국어,음식,음식,향토음식,식당,서귀포,시내,제주,이용,일반,휴양 및 관광,홈페이지,일반,전화,아웃바운드,완료,20220711,7,Monday
2022-07-11,한국어,음식,음식,향토음식,식당,진주식당,,,,일반,휴양 및 관광,홈페이지,일반,전화,아웃바운드,완료,20220711,7,Monday
2022-07-11,한국어,음식,음식,향토음식,중문,,,,,일반,휴양 및 관광,홈페이지,일반,전화,아웃바운드,완료,20220711,7,Monday
2022-07-11,한국어,음식,음식,향토음식,제주,,,,,일반,휴양 및 관광,홈페이지,일반,전화,아웃바운드,완료,20220711,7,Monday
2022-07-11,한국어,음식,음식,향토음식,,,,,,일반,휴양 및 관광,홈페이지,일반,전화,아웃바운드,완료,20220711,7,Monday
2022-07-14,한국어,음식,음식,기타,문자,호텔,신라,,,일반,휴양 및 관광,홈페이지,일반,전화,아웃바운드,완료,20220714,7,Thursday
2022-07-14,한국어,음식,음식,기타,문자,호텔,신라,,,일반,휴양 및 관광,홈페이지,일반,전화,인바운드,완료,20220714,7,Thursday
2022-07-15,한국어,음식,음식,향토음식,한라산,한라,,,,일반,휴양 및 관광,홈페이지,일반,전화,아웃바운드,완료,20220715,7,Friday
2022-07-15,한국어,음식,음식,향토음식,한라산,한라,유통,,,일반,휴양 및 관광,홈페이지,일반,전화,아웃바운드,완료,20220715,7,Friday
2022-07-17,한국어,음식,음식,향토음식,체험,비짓,제주,오메기떡,,일반,휴양 및 관광,홈페이지,일반,전화,아웃바운드,완료,20220717,7,Sunday
2022-07-19,한국어,음식,음식,향토음식,운영시간,휴무일,문자,숙소,식당,일반,휴양 및 관광,홈페이지,일반,전화,인바운드,완료,20220719,7,Tuesday
2022-07-19,한국어,음식,음식,기타,이용시간,이용,,,,일반,휴양 및 관광,홈페이지,일반,전화,아웃바운드,완료,20220719,7,Tuesday
2022-07-19,한국어,음식,음식,기타,식당,한라,이용시간,이용,,일반,휴양 및 관광,홈페이지,일반,전화,아웃바운드,완료,20220719,7,Tuesday
2022-07-19,한국어,음식,음식,기타,이용시간,이용,문의처,,,일반,휴양 및 관광,홈페이지,일반,전화,아웃바운드,완료,20220719,7,Tuesday
2022-07-19,한국어,음식,음식,기타,유선,식당,성읍,,,일반,휴양 및 관광,홈페이지,일반,전화,아웃바운드,완료,20220719,7,Tuesday
2022-07-19,한국어,음식,음식,기타,식당,,,,,일반,휴양 및 관광,홈페이지,일반,전화,아웃바운드,완료,20220719,7,Tuesday
2022-07-20,한국어,음식,음식,한식,외국어,서귀포,이용시간,이용,,일반,휴양 및 관광,홈페이지,일반,전화,아웃바운드,완료,20220720,7,Wednesday
2022-07-20,한국어,음식,음식,한식,외국어,해녀,식당,중문,이용시간,일반,휴양 및 관광,홈페이지,일반,전화,아웃바운드,완료,20220720,7,Wednesday
2022-07-20,한국어,음식,음식,한식,식당,이용,,,,일반,휴양 및 관광,홈페이지,일반,전화,아웃바운드,완료,20220720,7,Wednesday
2022-07-20,한국어,음식,음식,한식,이용,,,,,일반,휴양 및 관광,홈페이지,일반,전화,아웃바운드,완료,20220720,7,Wednesday
2022-07-20,한국어,음식,음식,한식,외국어,쇠소깍,이용,,,일반,휴양 및 관광,홈페이지,일반,전화,아웃바운드,완료,20220720,7,Wednesday
2022-07-20,한국어,음식,음식,한식,외국어,음식점,중문,이용시간,이용,일반,휴양 및 관광,홈페이지,일반,전화,아웃바운드,완료,20220720,7,Wednesday
2022-07-22,한국어,음식,음식,한식,성산,제주,이용,,,일반,휴양 및 관광,홈페이지,일반,전화,아웃바운드,완료,20220722,7,Friday
2022-07-22,한국어,음식,음식,한식,이용,,,,,일반,휴양 및 관광,홈페이지,일반,전화,아웃바운드,완료,20220722,7,Friday
2022-07-22,한국어,음식,음식,한식,외국어,갈치,이용,갈치조림,,일반,휴양 및 관광,홈페이지,일반,전화,아웃바운드,완료,20220722,7,Friday
2022-07-22,한국어,음식,음식,한식,성산,이용,,,,일반,휴양 및 관광,홈페이지,일반,전화,아웃바운드,완료,20220722,7,Friday
2022-07-22,한국어,음식,음식,한식,서귀포,이용,,,,일반,휴양 및 관광,홈페이지,일반,전화,아웃바운드,완료,20220722,7,Friday
2022-07-22,한국어,음식,음식,한식,이용,,,,,일반,휴양 및 관광,홈페이지,일반,전화,아웃바운드,완료,20220722,7,Friday
2022-07-25,한국어,음식,음식,카페,이용시간,이용,,,,일반,휴양 및 관광,홈페이지,일반,전화,아웃바운드,완료,20220725,7,Monday
2022-07-28,한국어,음식,음식,일식,문자,인터넷,서귀포,중문,제주,일반,휴양 및 관광,홈페이지,일반,전화,인바운드,완료,20220728,7,Thursday
2022-07-28,한국어,음식,음식,향토음식,문자,식당,인터넷,서귀포,중문,일반,휴양 및 관광,홈페이지,일반,전화,인바운드,완료,20220728,7,Thursday
2022-07-29,한국어,음식,음식,카페,올티스,,,,,일반,휴양 및 관광,홈페이지,일반,전화,아웃바운드,완료,20220729,7,Friday
2022-07-31,한국어,음식,음식,기타,맛집,,,,,일반,휴양 및 관광,홈페이지,일반,전화,인바운드,완료,20220731,7,Sunday
2022-07-31,한국어,음식,음식,기타,,,,,,일반,휴양 및 관광,홈페이지,일반,전화,인바운드,완료,20220731,7,Sunday
